date,TWI,FX_neg
2010-01-01,69.2,-4.237000862623624
2010-02-01,69.5,-4.241326752570746
2010-03-01,71.7,-4.272490747605574
2010-04-01,72.5,-4.283586561860629
2010-05-01,67.5,-4.212127597878484
2010-06-01,67.3,-4.209160236650682
2010-07-01,69.4,-4.239886867512759
2010-08-01,69.0,-4.23410650459726
2010-09-01,72.9,-4.289088639014612
2010-10-01,72.7,-4.286341384539473
2010-11-01,73.0,-4.290459441148391
2010-12-01,75.8,-4.328098292648326
2011-01-01,74.0,-4.304065093204169
2011-02-01,75.5,-4.324132656254979
2011-03-01,76.3,-4.334672938290411
2011-04-01,78.9,-4.368181227851829
2011-05-01,77.8,-4.354141431184345
2011-06-01,77.8,-4.354141431184345
2011-07-01,78.4,-4.361823927356362
2011-08-01,76.5,-4.33729074083249
2011-09-01,72.4,-4.282206299391671
2011-10-01,76.9,-4.3425058765115985
2011-11-01,74.6,-4.3121405072097145
2011-12-01,75.8,-4.328098292648326
2012-01-01,77.9,-4.355425952876702
2012-02-01,79.2,-4.37197629882038
2012-03-01,76.9,-4.3425058765115985
2012-04-01,77.0,-4.343805421853684
2012-05-01,73.6,-4.298645025734831
2012-06-01,76.5,-4.33729074083249
2012-07-01,78.9,-4.368181227851829
2012-08-01,77.0,-4.343805421853684
2012-09-01,76.9,-4.3425058765115985
2012-10-01,76.5,-4.33729074083249
2012-11-01,77.2,-4.3463994570307305
2012-12-01,77.1,-4.345103280569283
2013-01-01,77.7,-4.3528552573736015
2013-02-01,77.4,-4.3489867805956814
2013-03-01,79.1,-4.370712874773608
2013-04-01,78.4,-4.361823927356362
2013-05-01,74.0,-4.304065093204169
2013-06-01,71.4,-4.268297869345538
2013-07-01,69.4,-4.239886867512759
2013-08-01,69.2,-4.237000862623624
2013-09-01,71.2,-4.26549281841793
2013-10-01,72.1,-4.278054044290903
2013-11-01,69.8,-4.2456340097683265
2013-12-01,68.9,-4.232656178019613
2014-01-01,67.7,-4.215086179918229
2014-02-01,68.9,-4.232656178019613
2014-03-01,71.0,-4.2626798770413155
2014-04-01,71.4,-4.268297869345538
2014-05-01,71.5,-4.269697449699962
2014-06-01,72.0,-4.276666119016055
2014-07-01,71.5,-4.269697449699962
2014-08-01,71.9,-4.275276264727001
2014-09-01,68.9,-4.232656178019613
2014-10-01,69.4,-4.239886867512759
2014-11-01,68.2,-4.222444564849416
2014-12-01,66.5,-4.197201947661808
2015-01-01,63.9,-4.157319361383489
2015-02-01,64.1,-4.160444363926624
2015-03-01,63.3,-4.147885329150131
2015-04-01,65.3,-4.178992036282385
2015-05-01,63.7,-4.154184562578117
2015-06-01,63.8,-4.155753190350744
2015-07-01,61.4,-4.117409835153096
2015-08-01,60.9,-4.109233174715851
2015-09-01,59.9,-4.092676505121403
2015-10-01,60.3,-4.09933210373314
2015-11-01,61.8,-4.1239033644636445
2015-12-01,62.7,-4.138361447638875
2016-01-01,61.5,-4.119037174812472
2016-02-01,61.4,-4.117409835153096
2016-03-01,64.4,-4.165113633110308
2016-04-01,63.8,-4.155753190350744
2016-05-01,61.7,-4.122283930911342
2016-06-01,62.5,-4.135166556742356
2016-07-01,63.3,-4.147885329150131
2016-08-01,63.2,-4.146304301152812
2016-09-01,63.9,-4.157319361383489
2016-10-01,65.0,-4.174387269895637
2016-11-01,65.3,-4.178992036282385
2016-12-01,63.9,-4.157319361383489
2017-01-01,65.8,-4.186619838331271
2017-02-01,66.7,-4.200204952921578
2017-03-01,66.2,-4.192680462942962
2017-04-01,64.5,-4.1666652238017265
2017-05-01,63.8,-4.155753190350744
2017-06-01,65.5,-4.182050142641206
2017-07-01,67.3,-4.209160236650682
2017-08-01,66.3,-4.194189897191817
2017-09-01,66.2,-4.192680462942962
2017-10-01,64.9,-4.1728476237100445
2017-11-01,63.6,-4.152613470346076
2017-12-01,64.9,-4.1728476237100445
2018-01-01,65.6,-4.183575695950043
2018-02-01,63.6,-4.152613470346076
2018-03-01,62.3,-4.131961425793407
2018-04-01,62.1,-4.128745988939433
2018-05-01,62.8,-4.139955073474153
2018-06-01,62.6,-4.136765278106052
2018-07-01,63.5,-4.151039905898646
2018-08-01,62.2,-4.130354999745133
2018-09-01,62.2,-4.130354999745133
2018-10-01,61.9,-4.12552017969055
2018-11-01,63.3,-4.147885329150131
2018-12-01,60.7,-4.1059436980654525
2019-01-01,61.6,-4.120661870539474
2019-02-01,60.7,-4.1059436980654525
2019-03-01,60.5,-4.102643365036796
2019-04-01,60.5,-4.102643365036796
2019-05-01,60.0,-4.0943445622221
2019-06-01,60.1,-4.096009841541162
2019-07-01,59.5,-4.085976312551584
2019-08-01,58.9,-4.075841090657541
2019-09-01,59.2,-4.08092154188996
2019-10-01,60.0,-4.0943445622221
2019-11-01,59.0,-4.07753744390572
2019-12-01,60.3,-4.09933210373314
2020-01-01,58.1,-4.062165663857866
2020-02-01,57.0,-4.04305126783455
2020-03-01,54.7,-4.001863709427935
2020-04-01,57.8,-4.056988775678332
2020-05-01,58.8,-4.074141854904581
2020-06-01,60.0,-4.0943445622221
2020-07-01,61.9,-4.12552017969055
2020-08-01,62.6,-4.136765278106052
2020-09-01,60.7,-4.1059436980654525
2020-10-01,59.5,-4.085976312551584
2020-11-01,61.5,-4.119037174812472
2020-12-01,63.4,-4.14946386144318
2021-01-01,63.0,-4.143134726391533
2021-02-01,64.5,-4.1666652238017265
2021-03-01,63.9,-4.157319361383489
2021-04-01,64.4,-4.165113633110308
2021-05-01,63.5,-4.151039905898646
2021-06-01,62.7,-4.138361447638875
2021-07-01,61.6,-4.120661870539474
2021-08-01,61.2,-4.11414718951828
2021-09-01,60.8,-4.107589788972121
2021-10-01,63.1,-4.144720769547168
2021-11-01,60.2,-4.097672352314775
2021-12-01,61.1,-4.11251186617755
2022-01-01,59.3,-4.08260930600368
2022-02-01,60.6,-4.104294893075268
2022-03-01,63.6,-4.152613470346076
2022-04-01,63.1,-4.144720769547168
2022-05-01,63.2,-4.146304301152812
2022-06-01,61.8,-4.1239033644636445
2022-07-01,63.1,-4.144720769547168
2022-08-01,63.3,-4.147885329150131
2022-09-01,61.5,-4.119037174812472
2022-10-01,61.3,-4.115779842942166
2022-11-01,62.1,-4.128745988939433
2022-12-01,61.4,-4.117409835153096
2023-01-01,62.4,-4.133565275375382
2023-02-01,61.4,-4.117409835153096
2023-03-01,60.3,-4.09933210373314
2023-04-01,59.8,-4.0910056609565855
2023-05-01,59.8,-4.0910056609565855
2023-06-01,61.7,-4.122283930911342
2023-07-01,61.3,-4.115779842942166
2023-08-01,60.6,-4.104294893075268
2023-09-01,61.1,-4.11251186617755
2023-10-01,60.2,-4.097672352314775
2023-11-01,61.5,-4.119037174812472
2023-12-01,62.6,-4.136765278106052
2024-01-01,61.4,-4.117409835153096
2024-02-01,61.1,-4.11251186617755
2024-03-01,61.5,-4.119037174812472
2024-04-01,62.2,-4.130354999745133
2024-05-01,63.1,-4.144720769547168
2024-06-01,63.3,-4.147885329150131
2024-07-01,61.4,-4.117409835153096
2024-08-01,62.6,-4.136765278106052
2024-09-01,62.8,-4.139955073474153
2024-10-01,61.5,-4.119037174812472
2024-11-01,61.5,-4.119037174812472
2024-12-01,59.7,-4.089332020398556
2025-01-01,59.6,-4.087655574071304
2025-02-01,59.5,-4.085976312551584
2025-03-01,59.6,-4.087655574071304
2025-04-01,59.9,-4.092676505121403
2025-05-01,59.6,-4.087655574071304
2025-06-01,60.1,-4.096009841541162
2025-07-01,60.3,-4.09933210373314
2025-08-01,60.5,-4.102643365036796
2025-09-01,61.3,-4.115779842942166
