,Date,JPY,USD,EUR,KRW,NZD,CNY,GBP,TWD,SGD,IDR,HKD,MYR,SDR,Index,INR,THB,VND,AED,PGK,CAD,ZAR,SAR,CHF,SEK,PHP
0,1969-07-31,400.74,1.1138,,,0.998,,0.4657,,,,,,,,,,,,,,,,,,
1,1969-08-31,398.14,1.1091,,,0.998,,0.4657,,,,,,,,,,,,,,,,,,
2,1969-09-30,396.81,1.1094,,,0.998,,0.4657,,,,,,,,,,,,,,,,,,
3,1969-10-31,399.02,1.1158,,,0.998,,0.4657,,,,,,,,,,,,,,,,,,
4,1969-11-30,399.08,1.1161,,,0.998,,0.4657,,,,,,,,,,,,,,,,,,
5,1969-12-31,399.88,1.1182,,,0.998,,0.4657,,,,,,,,,,,,,,,,,,
6,1970-01-31,400.3,1.1185,,,0.998,,0.4657,,,,,,1.12,,,,,,,,,,,,
7,1970-02-28,400.72,1.1209,,,0.998,,0.4657,,,,,,1.12,,,,,,,,,,,,
8,1970-03-31,400.74,1.1207,,,0.998,,0.4657,,,,,,1.12,,,,,,,,,,,,
9,1970-04-30,401.74,1.1206,,,0.998,,0.4657,,,,,,1.12,,,,,,,,,,,,
10,1970-05-31,401.6,1.1186,,,0.998,,0.4657,,,,,,1.12,100,,,,,,,,,,,
11,1970-06-30,400.2,1.1159,,,0.998,,0.4657,,,,,,1.12,99.6,,,,,,,,,,,
12,1970-07-31,399.45,1.1134,,,0.998,,0.4657,,,,,,1.12,99.4,,,,,,,,,,,
13,1970-08-31,397.61,1.11,,,0.998,,0.4657,,,,,,1.12,99.1,,,,,,,,,,,
14,1970-09-30,397.91,1.1118,,,0.998,,0.4657,,,,,,1.12,99.2,,,,,,,,,,,
15,1970-10-31,398.05,1.1131,,,0.998,,0.4657,,,,,,1.12,99.2,,,,,,,,,,,
16,1970-11-30,398.03,1.1131,,,0.998,,0.4657,,,,,,1.12,99.2,,,,,,,,,,,
17,1970-12-31,398.54,1.1146,,,0.998,,0.4657,,,,,,1.12,99.3,,,,,,,,,,,
18,1971-01-31,402.85,1.1257,,,0.998,,0.4657,,,,,,1.12,100,,,,,,,,,,,
19,1971-02-28,402.41,1.1262,,,0.998,,0.4657,,,,,,1.12,100,,,,,,,,,,,
20,1971-03-31,402.44,1.1257,,,0.998,,0.4657,,,,,,1.12,100,,,,,,,,,,,
21,1971-04-30,402.58,1.1267,,,0.998,,0.4657,,,,,,1.12,100,,,,,,,,,,,
22,1971-05-31,402.31,1.1261,,,0.998,,0.4657,,,,,,1.12,99.8,,,,,,,,,,,
23,1971-06-30,402.65,1.1266,,,0.998,,0.4657,,,,,,1.12,99.8,,,,,,,,,,,
24,1971-07-31,402.51,1.1264,,,0.998,,0.4657,,,,,,1.12,99.7,,,,,,,,,,,
25,1971-08-31,389.41,1.1487,,,0.998,,0.4657,,,,,,1.12,99.3,,,,,,,,,,,
26,1971-09-30,385.63,1.157,,,0.998,,0.4657,,,,,,1.12,99.8,,,,,,,,,,,
27,1971-10-31,382.37,1.1614,,,0.998,,0.4657,,,,,,1.12,99.4,,,,,,,,,,,
28,1971-11-30,379.11,1.1615,,,0.998,,0.4657,,,,,,1.12,99.3,,,,,,,,,,,
29,1971-12-31,374.53,1.191,,,0.9965,,0.4664,,,,,,1.12,99.8,,,,,,,,,,,
30,1972-01-31,369.07,1.191,,,0.9965,,0.4596,,,,,,1.12,98.8,,,,,,,,,,,
31,1972-02-29,361.79,1.191,,,0.9965,,0.457,,,,,,1.12,98.1,,,,,,,,,,,
32,1972-03-31,361.51,1.191,,,0.9965,,0.4553,,,,,,1.12,97.8,,,,,,,,,,,
33,1972-04-30,362.17,1.191,,,0.9965,,0.4561,,,,,,1.12,97.9,,,,,,,,,,,
34,1972-05-31,362.94,1.191,,,0.9965,,0.4558,,,,,,1.12,97.9,,,,,,,,,,,
35,1972-06-30,352.37,1.191,,,0.9965,,0.484,,,,,,1.12,98.5,,,,,,,,,,,
36,1972-07-31,358.73,1.191,,,0.9965,,0.4862,,,,,,1.12,98.6,,,,,,,,,,,
37,1972-08-31,358.3,1.191,,,0.9965,,0.4858,,,,,,1.12,98.5,,,,,,,,,,,
38,1972-09-30,358.52,1.191,,,0.9965,,0.4917,,,,,,1.12,98.9,,,,,,,,,,,
39,1972-10-31,358.47,1.191,,,0.9965,,0.5108,,,,,,1.12,99.8,,,,,,,,,,,
40,1972-11-30,358.52,1.191,,,0.9965,,0.506,,,,,,1.12,99.4,,,,,,,,,,,
41,1972-12-31,384.5,1.275,,,1.0668,,0.543,,,,,,1.1743,106.5,,,,,,,,,,,
42,1973-01-31,384.09,1.275,,,1.0668,,0.536,,,,,,1.1743,105.9,,,,,,,,,,,
43,1973-02-28,374.79,1.4167,,,1.0674,,0.5732,,,,,,1.1743,110.7,,,,,,,,,,,
44,1973-03-31,376.21,1.4167,,,1.0674,,0.5706,,,,,,1.1743,110.5,,,,,,,,,,,
45,1973-04-30,376.06,1.4167,,,1.0674,,0.5696,,,,,,1.1743,110.5,,,,,,,,,,,
46,1973-05-31,374.9,1.4167,,,1.0674,,0.5519,,,,,,1.1743,109.1,,,,,,,,,,,
47,1973-06-30,375.28,1.4167,,,1.0674,,0.548,,,,,,1.1743,107.9,,,,,,,,,,,
48,1973-07-31,373.6,1.4167,,,1.0479,,0.5663,,,,,,1.1743,107.9,,,,,,,,,,,
49,1973-08-31,375.83,1.4167,,,1.0591,,0.5764,,,,,,1.1743,108.9,,,,,,,,,,,
50,1973-09-30,395.03,1.4875,,,1.0063,,0.6149,,,,,,1.2331,113.9,,,,,,,,,,,
51,1973-10-31,396.94,1.4875,,,1.005,,0.6111,,,,,,1.2331,113.8,,,,,,,,,,,
52,1973-11-30,416.49,1.4875,,,1.0303,,0.6334,,,,,,1.2331,117.3,,,,,,,,,,,
53,1973-12-31,416.67,1.4875,,,1.0414,,0.6417,,,,,,1.2331,118.1,,,,,,,,,,,
54,1974-01-31,444.03,1.4875,,,1.0662,,0.6585,,,,,,1.2331,121.3,,,,,,,,,,,
55,1974-02-28,426.1,1.4875,,,1.0458,,0.6456,,,,,,1.2331,119,,,,,,,,,,,
56,1974-03-31,405.87,1.4875,,,1.014,,0.614,,,,,,1.2331,115.5,,,,,,,,,,,
57,1974-04-30,415.91,1.4875,,,1.0131,,0.611,,,,,,1.2331,116,,,,,,,,,,,
58,1974-05-31,417.72,1.4875,,,1.0216,,0.6216,,,,,,1.2331,117,,,,,,,,,,,
59,1974-06-30,421.99,1.4875,,,1.0231,,0.6221,,,,,,1.2331,117.3,,,,,,,,,,,
60,1974-07-31,442.64,1.4875,,,1.0279,,0.6252,,,,,,1.2365,118.8,,,,,,,,,,,
61,1974-08-31,450.55,1.4875,,,1.0448,,0.6416,,,,,,1.2557,120.5,,,,,,,,,,,
62,1974-09-30,388.35,1.3103,,,1.0061,,0.5624,,,,,,1.1038,105.3,,,,,,,,,,,
63,1974-10-31,392.89,1.3105,,,1.0048,,0.5613,,,,,,1.0966,105.3,,,,,,,,,,,
64,1974-11-30,394.92,1.3162,,,1.0071,,0.5666,,,,,,1.0906,105.3,,,,,,,,,,,
65,1974-12-31,398.56,1.327,,,1.0087,,0.5649,,,,,,1.0838,105.3,,,,,,,,,,,
66,1975-01-31,398.21,1.3384,,,1.007,,0.5629,,,,,,1.0803,105.3,,,,,,,,,,,
67,1975-02-28,390.57,1.3666,,,1.0097,,0.5625,,,,,,1.0843,105.3,,,,,,,,,,,
68,1975-03-31,393,1.3537,,,1.0102,,0.5614,,,,,,1.0841,105.3,,,,,,,,,,,
69,1975-04-30,394.3,1.341,,,1.0104,,0.5694,,,,,,1.0802,105.3,,,,,,,,,,,
70,1975-05-31,391.26,1.3432,,,1.0164,,0.58,,,,,,1.0773,105.3,,,,,,,,,,,
71,1975-06-30,392.13,1.3258,,,1.0232,,0.5965,,,,,,1.0723,105.3,,,,,,,,,,,
72,1975-07-31,358.76,1.2977,,,1.0229,,0.6001,,,,,,1.0896,105.3,,,,,,,,,,,
73,1975-08-31,381.17,1.2794,,,1.199,,0.6061,,,,,,1.0778,105.3,,,,,,,,,,,
74,1975-09-30,380.49,1.256,,,1.2009,,0.616,,,,,,1.0788,105.3,,,,,,,,,,,
75,1975-10-31,383.29,1.271,,,1.2014,,0.6128,,,,,,1.0719,105.3,,,,,,,,,,,
76,1975-11-30,382.13,1.2594,,,1.2047,,0.6209,,,,,,1.0755,105.3,,,,,,,,,,,
77,1975-12-31,383.38,1.2571,,,1.2045,,0.621,,,,,,1.0738,105.3,,,,,,,,,,,
78,1976-01-31,382.27,1.2588,,,1.2025,,0.6199,,,,,,1.0771,105.3,,,,,,,,,,,
79,1976-02-29,380.93,1.2607,,,1.2038,,0.6225,,,,,,1.0787,105.3,,,,,,,,,,,
80,1976-03-31,374.28,1.2486,,,1.2205,,0.6515,,,,,,1.0798,105.3,,,,,,,,,,,
81,1976-04-30,370.85,1.239,,,1.2333,,0.6736,,,,,,1.0767,105.3,,,,,,,,,,,
82,1976-05-31,368.06,1.2271,,,1.2464,,0.698,,,,,,1.0742,105.3,,,,,,,,,,,
83,1976-06-30,366.97,1.2356,,,1.2451,,0.6927,,,,,,1.0781,105.3,,,,,,,,,,,
84,1976-07-31,364.16,1.2407,,,1.2417,,0.6952,,,,,,1.0828,105.3,,,,,,,,,,,
85,1976-08-31,359.81,1.2462,,,1.2438,,0.7021,,,,,,1.0829,105.3,,,,,,,,,,,
86,1976-09-30,355.85,1.2373,,,1.2679,,0.7409,,,,,,1.0693,105.3,,,,,,,,,,,
87,1976-10-31,359.98,1.2261,,,1.2955,,0.7801,,,,,,1.0618,105.3,,,,,,,,,,,
88,1976-11-30,299.28,1.0123,,,1.117,,0.6122,,,,,,0.8804,86.9,,,,,,,,,,,
89,1976-12-31,318.08,1.0864,,,1.1436,,0.6385,,,,,,0.9351,92.2,,,,,,,,,,,
90,1977-01-31,313.8,1.087,,,1.1428,,0.6333,,,,,,0.9431,92.2,,,,,,,,,,,
91,1977-02-28,309.15,1.0967,,,1.1474,,0.6417,,,,,,0.9487,92.5,,,,,,,,,,,
92,1977-03-31,306.5,1.1031,,,1.1475,,0.641,,,,,,0.9516,92.5,,,,,,,,,,,
93,1977-04-30,306.03,1.1045,,,1.1472,,0.6424,,,,,,0.9503,92.5,,,,,,,,,,,
94,1977-05-31,306.06,1.1039,,,1.1481,,0.6427,,,,,,0.9503,92.5,,,,,,,,,,,
95,1977-06-30,298.5,1.1155,,,1.1524,,0.6482,,,,,,0.9568,92.5,,,,,,,,,,,
96,1977-07-31,299.49,1.1225,,,1.1512,,0.6457,,,,,,0.9582,92.5,,,,,,,,,,,
97,1977-08-31,295.4,1.1051,,,1.1393,,0.6342,,,,,,0.9511,91.5,,,,,,,,,,,
98,1977-09-30,293.33,1.1076,,,1.1406,,0.6348,,,,,,0.9519,91.5,,,,,,,,,,,
99,1977-10-31,281.39,1.1236,,,1.1372,,0.632,,,,,,0.9522,90.9,,,,,,,,,,,
100,1977-11-30,275.18,1.1274,,,1.1328,,0.6213,,,,,,0.9527,90,,,,,,,,,,,
101,1977-12-31,273.84,1.1414,,,1.1193,,0.5965,,,,,,0.9397,89.4,,,,,,,,,,,
102,1978-01-31,274.93,1.1382,,,1.1128,,0.5845,,,,,,0.9367,89.2,,,,,,,,,,,
103,1978-02-28,271.57,1.1365,,,1.1106,,0.5858,,,,,,0.9265,88.5,,,,,,,,,,,
104,1978-03-31,253.65,1.1431,,,1.1179,,0.6127,,,,,,0.9243,87.5,,,,,,,,,,,
105,1978-04-30,252.58,1.1362,,,1.119,,0.6206,,,,,,0.9267,87.5,,,,,,,,,,,
106,1978-05-31,251.88,1.1302,,,1.118,,0.6212,,,,,,0.9265,87.3,,,,,,,,,,,
107,1978-06-30,235.46,1.1475,,,1.1133,,0.616,,,,,,0.9258,86.2,,,,,,,,,,,
108,1978-07-31,222.14,1.1551,,,1.1007,,0.6002,,,,,,0.9169,84.7,,,,,,,,,,,
109,1978-08-31,217.79,1.1521,,,1.0955,,0.5943,,,,,,0.9066,83.7,,,,,,,,,,,
110,1978-09-30,218.6,1.1566,,,1.0888,,0.5856,,,,,,0.9028,83.6,,,,,,,,,,,
111,1978-10-31,210.11,1.1891,,,1.08,,0.5649,,,,,,0.8816,82.2,,,,,,,,,,,
112,1978-11-30,224.51,1.1363,,,1.0837,,0.5826,,,,,,0.893,83.2,,,,,,,,,,,
113,1978-12-31,222.83,1.1505,,,1.0787,,0.5656,,,,,,0.8831,82.7,,,,,,,,,,,
114,1979-01-31,228.04,1.1334,,,1.0732,,0.5677,,,,,,0.8817,82.8,,,,,,,,,,,
115,1979-02-28,228.09,1.1283,,,1.0688,,0.5577,,,,,,0.8752,82.4,,,,,,,,,,,
116,1979-03-31,233.63,1.1182,,,1.0597,,0.5427,,,,,,0.869,82.3,,,,,,,,,,,
117,1979-04-30,243.55,1.1024,,,1.0568,,0.5376,,,,,,0.8662,82.8,,,,,,,,,,,
118,1979-05-31,243.84,1.1048,,,1.0608,,0.5368,,,,,,0.8707,83.1,,,,,,,,,,,
119,1979-06-30,242.83,1.1211,,,1.1086,,0.5158,,,,,,0.8683,83.1,,,,,,,,,,,
120,1979-07-31,246.13,1.1302,,,1.1063,,0.4934,,,,,,0.869,83.3,,,,,,,,,,,
121,1979-08-31,248.3,1.1284,,,1.1139,,0.5008,,,,,,0.8678,83.5,,,,,,,,,,,
122,1979-09-30,252.17,1.1298,,,1.1227,,0.5109,,,,,,0.8574,83.5,,,,,,,,,,,
123,1979-10-31,261.35,1.0974,,,1.1354,,0.5287,,,,,,0.8535,83.8,,,,,,,,,,,
124,1979-11-30,272.22,1.0942,,,1.1221,,0.5006,,,,,,0.8365,83.6,,,,,,,,,,,
125,1979-12-31,265.82,1.1055,,,1.121,,0.4957,,,,,,0.8392,83.3,,,,,,,,,,,
126,1980-01-31,264.46,1.1069,,642,1.1251,,0.4891,,,,,,0.8413,83.2,,,,,,,,,,,
127,1980-02-29,272.75,1.0987,,638.02,1.129,,0.4814,,,,,,0.8427,83.5,,,,,,,,,,,
128,1980-03-31,270.13,1.0831,,634.8,1.1484,,0.4971,,,,,,0.8657,84.4,,,,,,,,,,,
129,1980-04-30,267.31,1.1145,,658.11,1.1528,,0.4915,,,,,,0.8608,84.5,,,,,,,,,,,
130,1980-05-31,256.91,1.1426,,681.22,1.1615,,0.4892,,,,,,0.8713,84.8,,,,,,,,,,,
131,1980-06-30,251.31,1.1576,,698.03,1.1706,,0.4917,,,,,,0.8741,85,,,,,,,,,,,
132,1980-07-31,261.13,1.1525,,706.14,1.1808,,0.491,,,,,,0.8784,85.5,,,,,,,,,,,
133,1980-08-31,254.28,1.1656,,718.36,1.1873,,0.4879,,,,,,0.8862,85.8,,,,,,,,,,,
134,1980-09-30,248.73,1.169,,730.63,1.1943,,0.4897,,,,,,0.8907,85.8,,,,,,,,,,,
135,1980-10-31,247.07,1.1726,,764.07,1.1995,,0.4797,,,,,,0.909,86.2,,,,,,,,,,,
136,1980-11-30,251.25,1.1643,,767.04,1.2131,,0.4924,,2.4347,,,,0.9119,86.8,,,,,,,,,,,
137,1980-12-31,239.53,1.1807,,779.14,1.227,,0.4945,,2.459,,,,0.9257,87.1,,,,,,,,,,,
138,1981-01-31,239.29,1.1707,,779.33,1.2287,,0.4889,,2.4258,,,,0.9409,87.5,,,,,,,,,,,
139,1981-02-28,240.9,1.1566,,775.5,1.2528,,0.5182,,2.4234,,,,0.9455,88.2,,,,,,,,,,,
140,1981-03-31,245.95,1.1684,,786.1,1.27,,0.5164,,2.4438,,,,0.9511,88.8,,,,,,,,,,,
141,1981-04-30,246.78,1.1505,,781.07,1.28,,0.5357,,2.4365,,,,0.9599,89.5,,,,,,,,,,,
142,1981-05-31,254.8,1.1385,,778.51,1.3034,,0.5498,,2.4622,,,,0.973,90.8,,,,,,,,,,,
143,1981-06-30,259.51,1.148,,786.49,1.3465,,0.5895,,2.4465,,,,0.9978,92.9,,,,,,,,,,,
144,1981-07-31,271.38,1.1356,,780.04,1.3692,,0.6097,,2.4554,,,,1.0074,94.2,,,,,,,,,,,
145,1981-08-31,262.79,1.1508,,788.87,1.3842,,0.619,,2.4863,,,,1.016,94.4,,,,,,,,,,,
146,1981-09-30,265.8,1.1414,,782.43,1.3943,,0.6366,,2.4128,,,,0.9972,93.8,,,,,,,,,,,
147,1981-10-31,265.93,1.135,,769.76,1.3926,,0.6148,,2.3824,,,,0.9859,93,,,,,,,,,,,
148,1981-11-30,248.13,1.1514,,794.35,1.3683,,0.5862,,2.3638,,,,0.9752,91.2,,,,,,,,,,,
149,1981-12-31,247.69,1.1279,,790.09,1.3681,,0.5905,,2.3099,,,,0.969,90.5,,,,,,,,,,,
150,1982-01-31,253.93,1.0994,,778.71,1.3679,,0.5869,,2.284,,,,0.9578,90.1,,,,,,,,,,,
151,1982-02-28,253.97,1.074,,764.69,1.3647,,0.5873,,2.264,,,,0.9531,89.2,,,,,,,,,,,
152,1982-03-31,259.24,1.0503,,754.43,1.3697,,0.5895,,2.2361,,,,0.9436,88.8,,,,,,,,,,,
153,1982-04-30,249.5,1.0608,,765.16,1.3736,,0.5923,,2.2291,,,,0.939,88.2,,,,,,,,,,,
154,1982-05-31,255.08,1.0482,,768.44,1.377,,0.5872,,2.1902,,,,0.9348,88,,,,,,,,,,,
155,1982-06-30,260.18,1.0223,,765.5,1.3755,,0.587,,2.2031,,,,0.936,88.2,,,,,,,,,,,
156,1982-07-31,256.07,0.9958,,738.19,1.3517,,0.5748,,2.1295,,,,0.9118,86.1,,,,,,,,,,,
157,1982-08-31,251.76,0.9643,,715.41,1.3284,,0.5644,,2.0863,,,,0.8903,84.1,,,,,,,,,,,
158,1982-09-30,255.58,0.9493,,705.23,1.3221,,0.5594,,2.0742,,,,0.8853,83.8,,,,,,,,,,,
159,1982-10-31,258.46,0.9367,,697.75,1.3212,,0.5566,,2.0709,,,,0.8817,83.9,,,,,,,,,,,
160,1982-11-30,240.04,0.9548,,711.04,1.3304,,0.5933,,2.1029,,,,0.8845,83.5,,,,,,,,,,,
161,1982-12-31,229.51,0.9806,,734.27,1.3387,,0.605,,2.0656,,,,0.8889,83.4,,,,,,,,,,,
162,1983-01-31,230.71,0.9718,,730.31,1.3479,,0.6333,,2.0131,,,,0.8929,83.6,,,,,,,,,,,
163,1983-02-28,225.64,0.9606,,723.43,1.3364,,0.629,,1.9836,,,,0.8813,82.4,,,,,,,,,,,
164,1983-03-31,206.99,0.8629,,658.74,1.3261,,0.5867,,1.8013,,,,0.8,76.1,,,,,,,,,,,
165,1983-04-30,206.45,0.868,,666.54,1.3161,,0.5557,,1.8241,,,,0.8025,76.2,,,,,,,,,,,
166,1983-05-31,210.34,0.882,,680.11,1.3279,,0.5487,,1.8478,,,,0.8187,77.6,,,,,,,,,,,
167,1983-06-30,209.38,0.8745,,679.22,1.3353,,0.573,,1.8621,,,,0.8186,77.7,,,,,,,,,,,
168,1983-07-31,212.45,0.881,,689.91,1.3469,,0.5777,,1.8796,,,,0.8346,78.8,,,,,,,,,,,
169,1983-08-31,216.7,0.8785,,694.1,1.3519,,0.587,,1.8826,,,,0.841,79.6,,,,,,,,,,,
170,1983-09-30,212.43,0.8965,,707.61,1.3637,,0.6,,1.9185,,,,0.8483,80.4,,,,,,,,,,,
171,1983-10-31,214.05,0.916,,726.3,1.3829,,0.6133,,1.9578,,,,0.8647,81.7,,,,,,,,,,,
172,1983-11-30,213.73,0.9128,,727.41,1.3883,,0.6226,,1.9474,,,,0.8689,82,,,,,,,,,,,
173,1983-12-31,209.22,0.902,,717.54,1.3765,1.7868,0.6205,36.34,1.9158,897,7.0167,2.1089,0.8616,81.1,,,,,,,,,,,
174,1984-01-31,215.48,0.9178,,733.23,1.4116,1.9033,0.6526,36.88,1.9555,913,7.1648,2.1477,0.8875,83.5,,,,,,,,,,,
175,1984-02-29,220.07,0.9429,,748,1.4156,1.9299,0.6326,37.89,2.0018,936,7.3376,2.1995,0.8899,84.2,,,,,,,,,,,
176,1984-03-31,210.22,0.935,,739.49,1.4062,1.925,0.6461,37.35,1.9521,935,7.2967,2.1444,0.8786,82.9,,,,,,,,,,,
177,1984-04-30,208.74,0.9201,,733.87,1.4045,1.9576,0.6568,36.46,1.921,925,7.1906,2.1075,0.8787,82.6,,,,,,,,,,,
178,1984-05-31,208.25,0.8992,,717.83,1.3892,1.9889,0.6503,35.85,1.8935,907,7.0263,2.0798,0.8635,81.6,,,,,,,,,,,
179,1984-06-30,204.6,0.8613,,692.74,1.3587,1.9356,0.6378,34.18,1.8372,874,6.7341,1.9972,0.8352,79.2,,,,,,,,,,,
180,1984-07-31,203.68,0.83,,673.46,1.6774,1.9352,0.636,32.54,1.787,852,6.5114,1.9476,0.8191,78.7,,,,,,,,,,,
181,1984-08-31,205.07,0.8488,,686.42,1.6993,2.0487,0.6472,33.13,1.8304,890,6.6525,1.9786,0.8346,80.1,,,,,,,,,,,
182,1984-09-30,204.67,0.833,,678.31,1.7038,2.1393,0.6696,32.65,1.8022,881,6.5045,1.9742,0.8342,80.3,,,,,,,,,,,
183,1984-10-31,208.17,0.8487,,693.73,1.7381,2.2406,0.6984,33.34,1.8349,901,6.6394,2.0411,0.8519,82,,,,,,,,,,,
184,1984-11-30,212.02,0.8596,,705.82,1.7633,2.396,0.7163,33.94,1.8658,917,6.7309,2.0738,0.8667,83.5,,,,,,,,,,,
185,1984-12-31,207.24,0.8278,,682.94,1.7343,2.3143,0.713,32.69,1.804,888,6.4759,2.0078,0.8419,81.3,,,,,,,,,,,
186,1985-01-31,207.61,0.815,,676.94,1.7315,2.2899,0.7218,31.85,1.8007,882,6.3554,2.031,0.8357,80.8,,,,,,,,,,,
187,1985-02-28,185.25,0.7138,,601.59,1.5912,2.0233,0.6563,28.07,1.6132,780,5.5691,1.8427,0.7439,72.3,,,,,,,,,,,
188,1985-03-31,176.94,0.7051,,599.9,1.5196,1.9883,0.5641,27.9,1.5571,777,5.4998,1.7749,0.7141,69.2,,,,,,,,,,,
189,1985-04-30,163.94,0.6523,,564.83,1.4384,1.8605,0.5229,26.04,1.4458,723,5.0729,1.6125,0.6605,64.2,,,,,,,,,,,
190,1985-05-31,165.64,0.658,,573.12,1.4677,1.8712,0.5159,26.18,1.4647,735,5.114,1.6271,0.6614,64.8,,,,,,,,,,,
191,1985-06-30,165.68,0.6655,,581.65,1.385,1.9152,0.5136,26.63,1.4866,744,5.1663,1.6578,0.6668,65,,,,,,,,,,,
192,1985-07-31,172.07,0.7271,,637.16,1.3779,2.0924,0.5092,29.31,1.5897,811,5.6347,1.7876,0.7045,68.5,,,,,,,,,,,
193,1985-08-31,166.88,0.7034,,622.51,1.2971,2.0465,0.5034,28.45,1.5966,786,5.4893,1.7469,0.6785,66.4,,,,,,,,,,,
194,1985-09-30,152.97,0.7077,,631.06,1.2896,2.1005,0.5042,28.59,1.5109,793,5.4978,1.7286,0.6686,64.8,,,,,,,,,,,
195,1985-10-31,148.07,0.7002,,624.72,1.2125,2.2417,0.4866,28.07,1.4904,786,5.4619,1.712,0.6532,63.4,,,,,,,,,,,
196,1985-11-30,138.4,0.685,,609.24,1.2053,2.193,0.4642,27.26,1.4352,768,5.344,1.6598,0.629,60.9,,,,,,,,,,,
197,1985-12-31,136.49,0.6809,,606.14,1.3604,2.1799,0.4732,27.13,1.4333,766,5.3185,1.6451,0.6214,60.7,,,,,,,,,,,
198,1986-01-31,137.84,0.7155,,635.86,1.3366,2.2907,0.5051,28.13,1.5212,806,5.5848,1.7673,0.6453,62.7,,,,,,,,,,,
199,1986-02-28,126.51,0.7012,,619.72,1.3451,2.2494,0.4798,27.41,1.5048,791,5.4704,1.7407,0.6042,59.8,,,,,,,,,,,
200,1986-03-31,128.09,0.7119,,630.1,1.3357,2.2928,0.4823,27.6,1.5486,801,5.5646,1.8285,0.6284,61.1,,,,,,,,,,,
201,1986-04-30,124.19,0.7391,,654.18,1.2688,2.3591,0.478,28.48,1.6229,831,5.7602,1.9013,0.6268,61.4,,,,,,,,,,,
202,1986-05-31,123.33,0.7166,,637.27,1.2665,2.3011,0.4821,27.37,1.5989,809,5.5945,1.8893,0.6209,60.7,,,,,,,,,,,
203,1986-06-30,110.96,0.6772,,600.41,1.2301,2.1659,0.4414,25.79,1.4814,766,5.2889,1.7772,0.5781,56.3,,,,,,,,,,,
204,1986-07-31,92.24,0.598,,529.23,1.1549,2.2148,0.3998,22.75,1.3007,676,4.6677,1.5686,0.4999,49.3,,,,,,,,,,,
205,1986-08-31,94.99,0.6085,,536.15,1.2513,2.2536,0.412,22.5,1.3157,689,4.7481,1.5888,0.5032,50.3,,,,,,,,,,,
206,1986-09-30,96.34,0.6274,,550.23,1.283,2.3306,0.436,23.04,1.3612,1025,4.8953,1.646,0.5182,51.9,,,,,,,,,,,
207,1986-10-31,103.8,0.642,,560.59,1.264,2.3896,0.4565,23.43,1.4048,1053,5.0076,1.6841,0.5339,54,,,,,,,,,,,
208,1986-11-30,105.27,0.6488,,562.12,1.2684,2.4149,0.4531,23.53,1.4259,1073,5.0522,1.6882,0.5375,54.3,,,,,,,,,,,
209,1986-12-31,106.37,0.6648,,572.59,1.2663,2.4745,0.4525,23.6,1.4461,1091,5.1848,1.7301,0.5448,55,,,,,,,,,,,
210,1987-01-31,100.61,0.6608,,566.11,1.2194,2.4596,0.4308,23.17,1.4059,1077,5.1262,1.6702,0.5174,52.8,,,,,,,,,,,
211,1987-02-28,103.28,0.6748,,576.75,1.21,2.5117,0.4363,23.62,1.439,1109,5.2611,1.6975,0.5338,54.1,,,,,,,,,,,
212,1987-03-31,102.85,0.7053,,597.32,1.243,2.6252,0.4379,24.16,1.505,1160,5.5006,1.7671,0.5486,55.4,,,,,,,,,,,
213,1987-04-30,98.41,0.7048,,587.87,1.2113,2.6233,0.4234,23.27,1.4965,1156,5.5003,1.7444,0.5421,54.5,,,,,,,,,,,
214,1987-05-31,103.07,0.7137,,587.09,1.2365,2.6565,0.4399,22.52,1.5109,1177,5.5719,1.7825,0.5534,55.8,,,,,,,,,,,
215,1987-06-30,105.79,0.7203,,582.65,1.2141,2.681,0.4494,22.39,1.5285,1187,5.6248,1.8192,0.5634,56.6,,,,,,,,,,,
216,1987-07-31,104.24,0.6978,,563.89,1.2355,2.5973,0.4375,21.55,1.4727,1144,5.4509,1.7749,0.5515,55.3,,,,,,,,,,,
217,1987-08-31,101.3,0.7124,,575.41,1.1738,2.6516,0.4366,21.45,1.4989,1168,5.5614,1.7924,0.553,55.2,,,,,,,,,,,
218,1987-09-30,105.54,0.7194,,579.69,1.1,2.6777,0.442,21.65,1.5073,1187,5.6174,1.8245,0.5626,56.2,,,,,,,,,,,
219,1987-10-31,93.8,0.6757,,541.51,1.1463,2.515,0.3939,20.24,1.3971,1114,5.2738,1.6964,0.5101,51.7,,,,,,,,,,,
220,1987-11-30,93.52,0.7052,,561.62,1.0886,2.6248,0.3869,20.78,1.4313,1164,5.4847,1.757,0.5207,52.3,,,,,,,,,,,
221,1987-12-31,88.22,0.7225,,572.44,1.0967,2.6892,0.3857,20.63,1.4446,1192,5.6113,1.7997,0.5137,52,,,,,,,,,,,
222,1988-01-31,90.76,0.7138,,557.83,1.0791,2.6568,0.4009,20.42,1.4406,1185,5.5666,1.8245,0.5209,52.5,,,,,,,,,,,
223,1988-02-29,92.24,0.7198,,551.58,1.0826,2.6792,0.4056,20.6,1.4472,1195,5.6139,1.8598,0.529,53.1,,,,,,,,,,,
224,1988-03-31,92.04,0.7388,,552.25,1.1309,2.7499,0.3934,21.16,1.4802,1226,5.7711,1.8935,0.535,53.8,,,,,,,,,,,
225,1988-04-30,94.46,0.7585,,561.75,1.125,2.8232,0.4045,21.73,1.5185,1266,5.9311,1.9528,0.5489,55.2,,,,,,,,,,,
226,1988-05-31,100.56,0.8051,,592.39,1.1621,2.9967,0.4357,23.04,1.6255,1347,6.2906,2.0828,0.5871,58.9,,,,,,,,,,,
227,1988-06-30,105.17,0.794,,580.73,1.1763,2.9553,0.4612,22.94,1.622,1340,6.196,2.07,0.6059,59.8,,,,,,,,,,,
228,1988-07-31,106.82,0.8045,,588.41,1.2056,2.9944,0.4661,23.03,1.6394,1362,6.2835,2.1195,0.6157,61,,,,,,,,,,,
229,1988-08-31,108.83,0.8069,,582.58,1.3276,3.0034,0.4777,23.22,1.6459,1371,6.2975,2.1532,0.6241,61.8,,,,,,,,,,,
230,1988-09-30,105.28,0.7829,,562.91,1.2782,2.914,0.4647,22.65,1.5971,1336,6.1137,2.0997,0.6067,60,,,,,,,,,,,
231,1988-10-31,103.41,0.8256,,581.47,1.3147,3.073,0.4647,23.52,1.6497,1416,6.4493,2.2051,0.6172,61.1,,,,,,,,,,,
232,1988-11-30,106.91,0.8781,,603.69,1.3375,3.2684,0.4752,24.7,1.706,1511,6.8562,2.3494,0.6422,63.7,,,,,,,,,,,
233,1988-12-31,107.71,0.8555,,585.68,1.359,3.1843,0.4764,24.11,1.6648,1481,6.6804,2.321,0.6382,63.2,,,,,,,,,,,
234,1989-01-31,114.93,0.889,,605.05,1.4651,3.3089,0.504,24.58,1.7175,1547,6.9339,2.4265,0.6793,66.7,,,,,,,,,,,
235,1989-02-28,101.52,0.7996,,538.21,1.2829,2.9762,0.4591,22.2,1.5428,1395,6.2369,2.1865,0.602,59.6,,,,,,,,,,,
236,1989-03-31,108.64,0.8194,,550.55,1.3302,3.0499,0.4855,22.46,1.6052,1438,6.3803,2.2493,0.6332,62.2,,,,,,,,,,,
237,1989-04-30,105.09,0.7928,,528.16,1.2881,2.9509,0.4685,20.61,1.5453,1394,6.1676,2.1371,0.6112,60,,,,,,,,,,,
238,1989-05-31,106.8,0.7484,,498.96,1.2756,2.7856,0.4763,19.52,1.4652,1325,5.8188,2.0334,0.6048,58.8,,,,,,,,,,,
239,1989-06-30,108.79,0.7553,,503.94,1.3159,2.8113,0.4882,19.56,1.4842,1339,5.8876,2.0416,0.6051,59.4,,,,,,,,,,,
240,1989-07-31,104.12,0.7524,,502.15,1.2923,2.8005,0.4541,19.37,1.47,1335,5.8725,2.0033,0.5873,57.8,,,,,,,,,,,
241,1989-08-31,110.44,0.7656,,512.34,1.2976,2.8496,0.4853,19.65,1.5048,1367,5.9782,2.0602,0.6101,60,,,,,,,,,,,
242,1989-09-30,108.23,0.7764,,520.27,1.3144,2.8898,0.4788,19.95,1.5216,1385,6.0579,2.0877,0.611,59.8,,,,,,,,,,,
243,1989-10-31,111.58,0.7831,,525.93,1.3334,2.9148,0.4963,20.33,1.5331,1403,6.1154,2.112,0.6125,60.7,,,,,,,,,,,
244,1989-11-30,111.78,0.7815,,525.72,1.3239,2.9088,0.4993,20.44,1.5249,1402,6.107,2.1132,0.6067,60.4,,,,,,,,,,,
245,1989-12-31,113.61,0.7927,,538.01,1.3356,3.7432,0.4927,20.74,1.5018,1427,6.1908,2.1383,0.599,61.1,,,,,,,,,,,
246,1990-01-31,111.1,0.7708,,529,1.2899,3.6398,0.4592,20.16,1.4392,1394,6.0208,2.0808,0.5807,59.4,,,,,,,,,,,
247,1990-02-28,112.73,0.7594,,527.02,1.2908,3.586,0.4501,19.87,1.4189,1378,5.9298,2.0529,0.5765,59,,,,,,,,,,,
248,1990-03-31,118.79,0.7542,,528.62,1.3017,3.5614,0.4584,19.93,1.4217,1374,5.8922,2.0575,0.5809,59.8,,,,,,,,,,,
249,1990-04-30,119.58,0.7509,,530.89,1.3052,3.5458,0.4614,19.83,1.4094,1373,5.8518,2.0406,0.5767,59.6,,,,,,,,,,,
250,1990-05-31,116.63,0.7691,,547.83,1.3327,3.6318,0.4545,21.12,1.4232,1412,5.9842,2.0785,0.5818,60.2,,,,,,,,,,,
251,1990-06-30,120.41,0.789,,565.08,1.3439,3.7257,0.4536,21.45,1.4515,1456,6.1462,2.1386,0.5967,61.6,,,,,,,,,,,
252,1990-07-31,116.56,0.7901,,565,1.3355,3.7309,0.4275,21.47,1.4311,1461,6.1343,2.1337,0.5822,60.4,,,,,,,,,,,
253,1990-08-31,117.83,0.8162,,583.09,1.3182,3.8542,0.4265,22.28,1.4412,1517,6.3431,2.1935,0.5898,61.4,,,,,,,,,,,
254,1990-09-30,114.05,0.8265,,589.29,1.3417,3.9028,0.4412,22.56,1.4568,1541,6.4153,2.2318,0.5939,61.6,,,,,,,,,,,
255,1990-10-31,101.6,0.7847,,560.12,1.2729,3.7054,0.4021,21.4,1.3387,1469,6.1132,2.1191,0.548,57.2,,,,,,,,,,,
256,1990-11-30,102.68,0.7745,,552.3,1.2678,4.0445,0.3983,21.12,1.3314,1459,6.0392,2.0939,0.5378,56.9,,,,,,,,,,,
257,1990-12-31,104.34,0.7733,,553.99,1.3134,4.0382,0.4031,20.96,1.3452,1470,6.0317,2.0879,0.5472,57.3,,,,,,,,,,,
258,1991-01-31,102.94,0.7849,,564.34,1.308,4.0988,0.4002,21.28,1.3588,1501,6.1148,2.1181,0.5475,57.5,,,,,,,,,,,
259,1991-02-28,103.65,0.7851,,568.73,1.3105,4.0999,0.4087,21.32,1.3555,1507,6.1173,2.1327,0.5531,57.9,,,,,,,,,,,
260,1991-03-31,108.4,0.7752,,562.41,1.3202,4.0482,0.4467,21.21,1.3926,1498,6.0427,2.1543,0.5719,59.7,,,,,,,,,,,
261,1991-04-30,107.35,0.7817,,566.81,1.3326,4.1332,0.4613,21.4,1.3842,1516,6.094,2.1567,0.5892,60.2,,,,,,,,,,,
262,1991-05-31,104.91,0.7609,,550.13,1.3036,4.0599,0.4445,20.69,1.3428,1482,5.8844,2.0999,0.5656,58.5,,,,,,,,,,,
263,1991-06-30,106.19,0.7681,,556.57,1.3303,4.1136,0.4711,20.84,1.3576,1500,5.9497,2.1372,0.5825,59.7,,,,,,,,,,,
264,1991-07-31,107.12,0.7775,,564.54,1.3612,4.1574,0.4618,20.92,1.3579,1523,6.0334,2.1672,0.5827,60.1,,,,,,,,,,,
265,1991-08-31,107.44,0.7848,,575.89,1.367,4.2166,0.4656,20.95,1.3491,1541,6.0907,2.1861,0.5864,60.5,,,,,,,,,,,
266,1991-09-30,106.25,0.7995,,592.83,1.4039,4.2985,0.4576,21.27,1.35,1573,6.1917,2.1918,0.5886,60.6,,,,,,,,,,,
267,1991-10-31,102.62,0.7837,,587.93,1.4047,4.217,0.4498,20.64,1.3241,1549,6.0874,2.1524,0.5737,59.3,,,,,,,,,,,
268,1991-11-30,102.05,0.7848,,592.13,1.3959,4.2364,0.4444,20.23,1.3063,1557,6.0899,2.1598,0.5655,59,,,,,,,,,,,
269,1991-12-31,95.2,0.7598,,578.06,1.4078,4.1289,0.4063,19.56,1.2373,1514,5.9112,2.0716,0.5313,55.9,,,,,,,,,,,
270,1992-01-31,94.23,0.7498,,571.35,1.387,4.0902,0.4205,18.76,1.2267,1503,5.8207,1.9712,0.5359,55.8,,,,,,,,,,,
271,1992-02-29,97.51,0.7546,,579.38,1.3798,4.1271,0.4283,18.94,1.2402,1516,5.8568,1.9532,0.546,56.8,,,,,,,,,,,
272,1992-03-31,102.3,0.7684,,595.59,1.4032,4.2012,0.4432,19.6,1.2748,1550,5.9466,1.9859,0.5602,58.6,,,,,,,,,,,
273,1992-04-30,101.45,0.7593,,591.34,1.4142,4.1838,0.4294,19.22,1.2569,1535,5.8891,1.9203,0.5536,57.9,,,,,,,,,,,
274,1992-05-31,97.29,0.7589,,594.45,1.4172,4.1672,0.4154,18.93,1.2398,1539,5.8796,1.906,0.5471,56.9,,,,,,,,,,,
275,1992-06-30,94.05,0.7488,,591.7,1.3752,4.09,0.3945,18.47,1.2112,1522,5.7893,1.8757,0.5213,55.2,,,,,,,,,,,
276,1992-07-31,94.69,0.7442,,586.5,1.3658,4.0336,0.387,18.56,1.2,1515,5.7568,1.8624,0.5166,54.7,,,,,,,,,,,
277,1992-08-31,88,0.7134,,561.87,1.3224,3.8569,0.3599,17.93,1.1405,1451,5.5141,1.7781,0.4825,51.6,,,,,,,,,,,
278,1992-09-30,85.29,0.714,,562.49,1.3316,3.9271,0.3984,17.99,1.1374,1455,5.5181,1.7825,0.4875,51.7,,,,,,,,,,,
279,1992-10-31,85.64,0.6954,,544.15,1.3203,3.8612,0.4467,17.64,1.1255,1426,5.3758,1.7452,0.4946,51.9,,,,,,,,,,,
280,1992-11-30,85.08,0.6823,,535.67,1.3282,3.9026,0.4512,17.36,1.1171,1405,5.2807,1.7296,0.4945,51.8,,,,,,,,,,,
281,1992-12-31,85.81,0.688,,541.18,1.3385,3.9572,0.4549,17.48,1.1307,1419,5.3252,1.7966,0.4997,52.4,,,,,,,,,,,
282,1993-01-31,84.42,0.6786,,538.77,1.3133,3.9189,0.4456,17.3,1.1143,1401,5.2483,1.7805,0.4889,51.6,,,,,,,,,,,
283,1993-02-28,81.92,0.6957,,553.53,1.3274,3.9935,0.4874,18.07,1.1441,1437,5.3803,1.8323,0.5036,52.7,,,,,,,,,,,
284,1993-03-31,81.51,0.7058,,560.65,1.3242,4.0365,0.4725,18.46,1.1579,1462,5.4567,1.8312,0.5085,52.9,,,,,,,,,,,
285,1993-04-30,79.06,0.7116,,566.47,1.31,4.0621,0.453,18.41,1.1496,1476,5.5009,1.8281,0.501,52.3,,,,,,,,,,,
286,1993-05-31,72.6,0.6769,,542.98,1.2505,3.878,0.4345,17.65,1.0876,1407,5.2279,1.7317,0.4738,49.4,,,,,,,,,,,
287,1993-06-30,71.54,0.6722,,540.35,1.2478,3.8727,0.4453,17.78,1.0919,1404,5.2096,1.737,0.4818,49.5,,,,,,,,,,,
288,1993-07-31,72.41,0.6834,,551.13,1.2394,3.9372,0.4609,18.42,1.1054,1432,5.3003,1.7529,0.4907,50.9,,,,,,,,,,,
289,1993-08-31,69.93,0.6708,,542.17,1.2137,3.8828,0.4494,18.06,1.077,1410,5.1979,1.7092,0.4769,49.3,,,,,,,,,,,
290,1993-09-30,67.85,0.6453,,523.37,1.1739,3.7342,0.4271,17.39,1.0244,1360,4.993,1.6455,0.4546,47.3,,,,,,,,,,,
291,1993-10-31,72.17,0.6661,,538.18,1.2026,3.8546,0.4476,17.88,1.0564,1402,5.1486,1.7036,0.4789,49.4,,,,,,,,,,,
292,1993-11-30,71.77,0.6586,,532.05,1.2076,3.8232,0.4423,17.74,1.0544,1387,5.0887,1.6854,0.4763,49.1,,,,,,,,,,,
293,1993-12-31,75.8,0.6711,,541.95,1.2095,3.8924,0.4575,18.05,1.1278,1416,5.1838,1.814,0.4921,50.8,,,,,,,,,,,
294,1994-01-31,78.11,0.7112,,574.9,1.2499,6.1874,0.4757,18.8,1.135,1509,5.4928,1.9633,0.5146,54,,,,,,,,,,,
295,1994-02-28,74.67,0.7178,,580.09,1.244,6.248,0.4825,19,1.1363,1533,5.5479,1.9582,0.5143,53.6,,,,,,,,,,,
296,1994-03-31,72.04,0.7008,,565.72,1.2445,6.1026,0.4728,18.47,1.0997,1503,5.4148,1.876,0.4972,52.1,,,,,,,,,,,
297,1994-04-30,72.2,0.7124,,575.37,1.2353,6.1888,0.4707,18.81,1.1078,1532,5.5035,1.9114,0.5035,52.6,,,,,,,,,,,
298,1994-05-31,76.85,0.7361,,593.48,1.2396,6.3744,0.4879,19.94,1.1281,1586,5.6875,1.8983,0.5201,54.6,,,,,,,,,,,
299,1994-06-30,72.2,0.7291,,586.96,1.2258,6.3086,0.4721,19.56,1.1114,1576,5.6352,1.8981,0.5026,53,,,,,,,,,,,
300,1994-07-31,73.86,0.7393,,593.33,1.2279,6.3738,0.4844,19.66,1.1191,1602,5.7118,1.9183,0.5078,53.9,,,,,,,,,,,
301,1994-08-31,73.82,0.7425,,594.33,1.2338,6.357,0.4837,19.43,1.1137,1615,5.738,1.8986,0.5122,53.9,,,,,,,,,,,
302,1994-09-30,72.88,0.7393,,589.92,1.2264,6.3062,0.468,19.34,1.0969,1612,5.7128,1.8963,0.5042,53.4,,,,,,,,,,,
303,1994-10-31,72.25,0.7422,,591.57,1.2037,6.3284,0.4575,19.33,1.0919,1623,5.7355,1.8948,0.4971,53.1,,,,,,,,,,,
304,1994-11-30,75.93,0.7674,,609.43,1.2195,6.53,0.4912,20.15,1.1233,1683,5.9353,1.9622,0.5255,55.5,,,,,,,,,,,
305,1994-12-31,77.56,0.7768,,612.47,1.2105,6.5708,0.4982,20.45,1.1345,1709,6.0114,1.9867,0.5336,56.2,,,,,,,,,,,
306,1995-01-31,74.75,0.7583,,598.6,1.186,6.3988,0.4752,19.94,1.1022,1674,5.8677,1.9409,0.5144,54.5,,,,,,,,,,,
307,1995-02-28,71.75,0.7395,,582.39,1.1659,6.2352,0.4669,19.47,1.0721,1636,5.718,1.888,0.4944,52.9,,,,,,,,,,,
308,1995-03-31,64.92,0.728,,561.98,1.1228,6.1348,0.4534,18.93,1.0333,1615,5.6293,1.8456,0.4677,50.7,,,,,,,,,,,
309,1995-04-30,61.04,0.7299,,556.33,1.0842,6.1386,0.4515,18.55,1.0157,1625,5.6483,1.8009,0.4621,49.6,,,,,,,,,,,
310,1995-05-31,59.45,0.7138,,541.45,1.0734,5.93,0.4449,18.27,0.9923,1596,5.5216,1.759,0.4531,48.5,,,,,,,,,,,
311,1995-06-30,60.08,0.7086,,537.37,1.0621,5.8822,0.4452,18.3,0.9898,1592,5.4833,1.7283,0.4539,48.4,,,,,,,,,,,
312,1995-07-31,65.31,0.7389,,559.31,1.0963,6.1331,0.4611,19.56,1.0304,1667,5.7178,1.8162,0.4753,51,,,,,,,,,,,
313,1995-08-31,73.55,0.7524,,582.85,1.1556,6.2594,0.4861,20.69,1.0707,1705,5.8258,1.8791,0.507,53.9,,,,,,,,,,,
314,1995-09-30,74.22,0.755,,580.03,1.1488,6.2805,0.4777,20.46,1.0726,1718,5.8384,1.8932,0.5024,53.8,,,,,,,,,,,
315,1995-10-31,76.98,0.7566,,579.44,1.1453,6.2911,0.48,20.42,1.0713,1729,5.8504,1.9256,0.5031,54.3,,,,,,,,,,,
316,1995-11-30,75.83,0.7469,,575.15,1.1414,6.2079,0.486,20.4,1.0548,1714,5.7774,1.899,0.502,53.8,,,,,,,,,,,
317,1995-12-31,76.66,0.745,,577.52,1.14,6.1968,0.4814,20.33,1.0538,1719,5.7609,1.8928,0.5009,53.9,,,,,,,,,,,
318,1996-01-31,79.88,0.7447,,585.52,1.1107,6.192,0.4943,20.46,1.0572,1728,5.7589,1.9064,0.5121,54.7,,,,,,,,,,,
319,1996-02-29,79.85,0.7635,,598.2,1.1343,6.3529,0.4982,21,1.0779,1781,5.9029,1.9441,0.5182,55.5,,,,,,,,,,,
320,1996-03-31,83,0.7793,,610,1.1472,6.4959,0.5106,21.24,1.0971,1827,6.0262,1.9769,0.5345,56.8,,,,,,,,,,,
321,1996-04-30,81.88,0.7854,,611.55,1.1446,6.5429,0.5206,21.34,1.1041,1834,6.0747,1.957,0.5404,57.1,,,,,,,,,,,
322,1996-05-31,86.36,0.7983,,629.74,1.175,6.6469,0.5207,22.13,1.126,1862,6.1767,1.996,0.5519,58.7,,,,,,,,,,,
323,1996-06-30,86.48,0.789,,640.12,1.1552,6.5653,0.5099,21.72,1.1123,1835,6.107,1.9686,0.5476,58.1,,,,,,,,,,,
324,1996-07-31,83.05,0.7731,,628.38,1.1221,6.4252,0.4964,21.28,1.0928,1819,5.9795,1.928,0.529,56.5,,,,,,,,,,,
325,1996-08-31,85.7,0.7909,,648.26,1.1429,6.5695,0.5077,21.73,1.113,1853,6.1153,1.9723,0.542,57.9,,,,,,,,,,,
326,1996-09-30,88.09,0.7924,,653.57,1.1326,6.5783,0.507,21.78,1.1153,1841,6.1279,1.9864,0.5494,58.5,,,,,,,,,,,
327,1996-10-31,90.1,0.7919,,656.33,1.1204,6.5733,0.4849,21.81,1.1162,1844,6.1231,2.0014,0.5482,58.6,,,,,,,,,,,
328,1996-11-30,92.02,0.8107,,671.75,1.1426,6.7294,0.4828,22.29,1.137,1900,6.2686,2.0478,0.5598,59.9,,,,,,,,,,,
329,1996-12-31,92.51,0.7965,,672.92,1.1255,6.6095,0.471,21.9,1.1147,1882,6.1617,2.0133,0.5548,59.4,,,,,,,,,,,
330,1997-01-31,92.94,0.762,,658.94,1.1079,6.3199,0.4733,20.91,1.0734,1813,5.9051,1.8949,0.5484,58.1,,,,,,,,,,,
331,1997-02-28,93.42,0.7758,,670.56,1.1232,6.4351,0.4768,21.33,1.1052,1860,6.0074,1.927,0.5586,59.3,,,,,,,,,,,
332,1997-03-31,97.33,0.7865,,702.58,1.1321,6.5253,0.4818,21.67,1.1383,1889,6.0952,1.9497,0.5703,60.5,,,,,,,,,,,
333,1997-04-30,99.16,0.7811,,697.05,1.1262,6.4791,0.4789,21.61,1.1284,1901,6.0504,1.9613,0.5727,60.7,,,,,,,,,,,
334,1997-05-31,88.58,0.7613,,679.04,1.1056,6.3128,0.4644,21.23,1.088,1854,5.8978,1.912,0.5474,58,,,,,,,,,,,
335,1997-06-30,85.2,0.7455,,661.74,1.0996,6.1807,0.4482,20.73,1.0662,1812,5.7758,1.8816,0.5348,56.7,,,,,,,,,,,
336,1997-07-31,87.89,0.7452,,663.94,1.1477,6.1778,0.4551,21.31,1.0949,1941,5.7719,1.9636,0.5503,58.3,,,,,,,,,,,
337,1997-08-31,87.5,0.7344,,662.54,1.1455,6.0871,0.4541,21.1,1.1148,2196,5.689,2.1536,0.5402,58.2,,,,,,,,,,,
338,1997-09-30,87.17,0.7198,,658.26,1.1272,5.9635,0.4467,20.59,1.1042,2360,5.5702,2.3289,0.5268,57.7,,,,,,,,,,,
339,1997-10-31,84.61,0.7036,,678.45,1.1277,5.8283,0.4221,21.78,1.1165,2579,5.4402,2.4204,0.5105,57.1,,,,,,,,,,,
340,1997-11-30,86.75,0.6803,,793.4,1.104,5.633,0.4059,21.82,1.0832,2483,5.2593,2.3811,0.4988,57,,,,,,,,,,,
341,1997-12-31,84.79,0.6527,,1088.7,1.1219,5.4042,0.3937,21.26,1.0962,3492,5.0576,2.5364,0.4833,58.1,,,,,,,,,,,
342,1998-01-31,85.3,0.6693,,1051.14,1.156,5.5408,0.4094,22.76,1.1582,8366,5.1787,2.9349,0.4948,61.9,,,,,,,,,,,
343,1998-02-28,85.85,0.6745,,1103.48,1.1619,5.5842,0.4105,21.6,1.089,5936,5.2235,2.4653,0.5015,60.6,,,,,,,,,,,
344,1998-03-31,87.87,0.6634,,921.13,1.1979,5.4924,0.3955,21.77,1.0669,5672,5.1404,2.4164,0.495,59.6,,,,,,,,,,,
345,1998-04-30,85.82,0.6499,,872.17,1.1712,5.3799,0.3889,21.44,1.0304,5232,5.0341,2.4339,0.4829,58,,,,,,,,,,,
346,1998-05-31,86.44,0.6236,,878.65,1.1671,5.1631,0.3835,21.21,1.0439,6969,4.832,2.4169,0.4645,57.5,,,,,,,,,,,
347,1998-06-30,86.16,0.6135,,843.72,1.1931,5.0797,0.3681,21.15,1.0477,9126,4.7538,2.5614,0.4617,57.9,,,,,,,,,,,
348,1998-07-31,87.89,0.6113,,749.76,1.1861,5.0615,0.3734,21,1.0554,8069,4.736,2.5277,0.4577,57.3,,,,,,,,,,,
349,1998-08-31,80.69,0.5691,,773.12,1.1453,4.7121,0.3401,19.82,1.0131,6260,4.4084,2.3891,0.428,53.4,,,,,,,,,,,
350,1998-09-30,80.57,0.5945,,825.46,1.185,4.9214,0.3482,20.46,1.0004,6414,4.607,2.2591,0.4321,54.5,,,,,,,,,,,
351,1998-10-31,72.34,0.6263,,822.74,1.1804,5.1843,0.3728,20.35,1.0166,4776,4.8518,2.3799,0.4444,54.2,,,,,,,,,,,
352,1998-11-30,78.2,0.6323,,789.11,1.1975,5.2343,0.3828,20.5,1.046,4726,4.8961,2.4027,0.4573,55.6,,,,,,,,,,,
353,1998-12-31,70.51,0.6139,,730.85,1.1634,5.0823,0.3686,19.77,1.019,4868,4.7559,2.3328,0.437,53,,,,,,,,,,,
354,1999-01-31,73.04,0.6286,0.5506,738.98,1.1701,5.2034,0.3819,20.32,1.0628,5595,4.871,2.3887,0.4515,54.8,,,,,,,,,,,
355,1999-02-28,75.16,0.6225,0.5664,762.25,1.183,5.1536,0.3887,20.55,1.0747,5455,4.8234,2.3655,0.4562,55.4,,,,,,,,,,,
356,1999-03-31,75.62,0.6293,0.5865,771.46,1.1822,5.2106,0.3905,20.86,1.0892,5491,4.8769,2.3913,0.4644,56.1,,,,,,,,,,,
357,1999-04-30,78.62,0.6598,0.6209,783.35,1.1805,5.4627,0.4096,21.58,1.1238,5460,5.114,2.5072,0.4877,58.3,,,,,,,,,,,
358,1999-05-31,78.86,0.6491,0.6203,769.7,1.2121,5.3736,0.4049,21.25,1.1213,5277,5.0338,2.4666,0.4827,58,,,,,,,,,,,
359,1999-06-30,79.66,0.6596,0.6379,763.72,1.2466,5.4606,0.4188,21.28,1.1224,4439,5.1176,2.5065,0.4932,58.4,,,,,,,,,,,
360,1999-07-31,75.09,0.652,0.6074,787.22,1.232,5.3968,0.4036,20.99,1.0993,4483,5.0606,2.4776,0.4787,57.1,,,,,,,,,,,
361,1999-08-31,70.68,0.6379,0.6071,755.31,1.2348,5.28,0.4005,20.31,1.0742,4854,4.9534,2.424,0.4687,56,,,,,,,,,,,
362,1999-09-30,69.47,0.6536,0.614,795.1,1.261,5.4104,0.3975,20.77,1.1116,5441,5.0772,2.4837,0.4726,57,,,,,,,,,,,
363,1999-10-31,67.68,0.6446,0.612,773.58,1.2602,5.3357,0.3932,20.46,1.0756,4432,5.0089,2.4495,0.4658,55.7,,,,,,,,,,,
364,1999-11-30,64.92,0.6376,0.6311,739.23,1.2448,5.2784,0.3974,20.19,1.0739,4782,4.9545,2.4229,0.465,55.3,,,,,,,,,,,
365,1999-12-31,66.94,0.6538,0.6486,740.62,1.2549,5.4131,0.4048,20.5,1.0892,4585,5.0826,2.4844,0.4773,56.4,,,,,,,,,,,
366,2000-01-31,68.2,0.6382,0.6509,718.77,1.2901,5.2831,0.3938,19.61,1.0869,4744,4.9653,2.4252,0.4713,56,,,,,,,,,,,
367,2000-02-29,67.72,0.6143,0.6347,695.23,1.2635,5.0855,0.3846,18.88,1.0538,4597,4.7808,2.3343,0.4588,54.5,,,,,,,,,,,
368,2000-03-31,63.77,0.6055,0.6317,669.86,1.2198,5.0128,0.3799,18.46,1.0411,4611,4.7147,2.3009,0.4506,53.1,,,,,,,,,,,
369,2000-04-30,62.91,0.5909,0.6483,655.4,1.2069,4.8925,0.3758,18.09,1.0076,4698,4.6026,2.2454,0.4463,52.5,,,,,,,,,,,
370,2000-05-31,61.16,0.5735,0.6161,647.4,1.2486,4.747,0.3829,17.65,0.9931,4944,4.469,2.1793,0.4333,51.4,,,,,,,,,,,
371,2000-06-30,63.19,0.5986,0.6282,667.56,1.278,4.9552,0.3941,18.44,1.0351,5229,4.6662,2.2747,0.4481,53.3,,,,,,,,,,,
372,2000-07-31,63.65,0.5822,0.6306,650.2,1.2804,4.8203,0.3869,18.08,1.0091,5228,4.5401,2.2124,0.4429,52.7,,,,,,,,,,,
373,2000-08-31,61.2,0.5748,0.643,637.8,1.334,4.7587,0.3948,17.86,0.9893,4808,4.4826,2.1842,0.4406,52.2,,,,,,,,,,,
374,2000-09-30,58.59,0.5433,0.6161,605.59,1.3355,4.4985,0.3712,17.02,0.9456,4776,4.2365,2.0645,0.4181,49.9,,,,,,,,,,,
375,2000-10-31,56.11,0.5148,0.6123,587.62,1.2993,4.2615,0.355,16.68,0.9042,4847,4.0152,1.9562,0.4017,48.2,,,,,,,,,,,
376,2000-11-30,58.13,0.5227,0.6089,634.01,1.2913,4.3266,0.3681,17.26,0.9189,4980,4.077,1.9863,0.4086,49.2,,,,,,,,,,,
377,2000-12-31,63.57,0.554,0.5963,697.76,1.2588,4.5861,0.3715,18.37,0.9593,5327,4.3209,2.1052,0.4258,51.6,,,,,,,,,,,
378,2001-01-31,63.71,0.5466,0.5898,690.9,1.2437,4.5251,0.3739,17.69,0.953,5163,4.2629,2.0771,0.4222,51.1,,,,,,,,,,,
379,2001-02-28,61.09,0.525,0.5724,656.33,1.2226,4.346,0.3645,17,0.9144,5165,4.0948,1.995,0.4067,49.3,,,,,,,,,,,
380,2001-03-31,60.96,0.489,0.5559,650.69,1.2119,4.0479,0.3425,16.04,0.8812,5093,3.8137,1.8582,0.3867,47.4,,,,,,,,,,,
381,2001-04-30,63.02,0.5088,0.5705,671.74,1.2359,4.2115,0.3543,16.74,0.9253,6014,3.9682,1.9334,0.4012,49.2,,,,,,,,,,,
382,2001-05-31,60.77,0.51,0.5988,657.39,1.2322,4.2216,0.3583,17.3,0.9213,5689,3.9779,1.938,0.4058,49.3,,,,,,,,,,,
383,2001-06-30,62.94,0.5075,0.6002,660.23,1.2546,4.2006,0.3603,17.48,0.924,5791,3.9582,1.9285,0.4076,49.7,,,,,,,,,,,
384,2001-07-31,62.92,0.5041,0.5759,656.59,1.228,4.1723,0.3529,17.51,0.9083,4721,3.9317,1.9156,0.4008,48.8,,,,,,,,,,,
385,2001-08-31,63.48,0.5342,0.5815,685.11,1.2072,4.4214,0.366,18.46,0.9292,4766,4.1666,2.03,0.4167,50.4,,,,,,,,,,,
386,2001-09-30,58.69,0.4923,0.5383,644.32,1.2117,4.0747,0.3345,17,0.8681,4768,3.8397,1.8707,0.3817,47,,,,,,,,,,,
387,2001-10-31,61.6,0.5053,0.557,654.36,1.2211,4.1823,0.3477,17.44,0.9215,5283,3.9413,1.9201,0.3947,48.7,,,,,,,,,,,
388,2001-11-30,64.48,0.52,0.5863,657.28,1.256,4.3042,0.3653,17.92,0.9521,5439,4.0544,1.976,0.4113,50.4,,,,,,,,,,,
389,2001-12-31,67.04,0.5106,0.5764,672.97,1.2283,4.226,0.3518,17.87,0.9454,5310,3.9815,1.9403,0.4068,50.2,,,,,,,,,,,
390,2002-01-31,67.42,0.5078,0.5887,663.39,1.2245,4.2028,0.3589,17.75,0.9295,5245,3.9605,1.9296,0.4082,50.2,,,,,,,,,,,
391,2002-02-28,69.13,0.5164,0.5977,684.75,1.2289,4.274,0.364,18.13,0.9475,5262,4.0276,1.9623,0.4162,51.1,,,,,,,,,,,
392,2002-03-31,70.53,0.5316,0.6086,704.37,1.2087,4.4002,0.3727,18.61,0.9795,5133,4.1463,2.0201,0.4258,52.2,,,,,,,,,,,
393,2002-04-30,69.09,0.5397,0.5975,698.37,1.2036,4.4673,0.3704,18.74,0.9767,5030,4.2093,2.0509,0.425,52.1,,,,,,,,,,,
394,2002-05-31,70.27,0.5674,0.6047,694.1,1.1777,4.6961,0.3871,19.34,1.0122,4987,4.4256,2.1561,0.4399,53.5,,,,,,,,,,,
395,2002-06-30,67.48,0.5648,0.5715,678.89,1.1574,4.6749,0.37,18.95,0.9966,4931,4.4054,2.1462,0.4277,52.3,,,,,,,,,,,
396,2002-07-31,65.46,0.5478,0.5569,651.88,1.1631,4.5339,0.3482,18.53,0.9657,4974,4.2727,2.0816,0.4133,50.9,,,,,,,,,,,
397,2002-08-31,65.23,0.5532,0.5617,663.78,1.1758,4.5787,0.3572,18.94,0.9672,4905,4.3149,2.1022,0.4171,51.3,,,,,,,,,,,
398,2002-09-30,66.05,0.5435,0.553,668.07,1.1588,4.4987,0.3476,18.99,0.9654,4898,4.2391,2.0653,0.4123,50.9,,,,,,,,,,,
399,2002-10-31,67.86,0.5534,0.5603,677.69,1.1446,4.5805,0.3547,19.24,0.9771,5112,4.3162,2.1029,0.4193,51.8,,,,,,,,,,,
400,2002-11-30,68.58,0.5608,0.5645,677.5,1.1302,4.6419,0.3615,19.52,0.9886,5034,4.374,2.131,0.4233,52.2,,,,,,,,,,,
401,2002-12-31,67.14,0.5662,0.5403,672.53,1.0762,4.6864,0.3532,19.69,0.9842,5067,4.4157,2.1516,0.418,51.7,,,,,,,,,,,
402,2003-01-31,70.04,0.5884,0.5439,688.49,1.0781,4.8701,0.3558,20.42,1.0224,5222,4.5895,2.2359,0.4286,53.2,,,,,,,,,,,
403,2003-02-28,71.25,0.6054,0.5629,719.46,1.0768,5.0111,0.3834,21.06,1.0518,5389,4.7216,2.3005,0.4408,54.7,,,,,,,,,,,
404,2003-03-31,71.97,0.6036,0.5576,759.21,1.0911,4.9962,0.3828,20.98,1.0652,5374,4.7076,2.2937,0.4429,54.8,,,,,,,,,,,
405,2003-04-30,74.36,0.623,0.5601,756.14,1.1135,5.1566,0.3902,21.72,1.1058,5405,4.8589,2.3674,0.4529,56.1,,,,,,,,,,,
406,2003-05-31,77.18,0.6522,0.5493,786.55,1.1282,5.3983,0.3951,22.64,1.1286,5426,5.0865,2.4784,0.4607,57.7,,,,,,,,,,,
407,2003-06-30,79.99,0.6674,0.584,797.48,1.1454,5.5243,0.4038,23.11,1.175,5526,5.2047,2.5361,0.4761,59.4,,,,,,,,,,,
408,2003-07-31,78.35,0.6529,0.576,770.75,1.1212,5.4042,0.4048,22.46,1.149,5553,5.0921,2.481,0.4666,58.3,,,,,,,,,,,
409,2003-08-31,74.89,0.64,0.5885,753.73,1.1189,5.2973,0.406,21.87,1.1246,5478,4.9916,2.432,0.4668,57.3,,,,,,,,,,,
410,2003-09-30,75.45,0.6801,0.5847,782.32,1.1444,5.6292,0.4071,22.95,1.1756,5713,5.268,2.5844,0.4812,59.1,,,,,,,,,,,
411,2003-10-31,76.84,0.7046,0.6063,833.47,1.1536,5.8318,0.4153,23.92,1.2235,5986,5.4705,2.6775,0.49,61,,,,,,,,,,,
412,2003-11-30,78.9,0.7206,0.6047,867.24,1.1282,5.9646,0.4203,24.66,1.2438,6129,5.597,2.7383,0.5005,62.1,,,,,,,,,,,
413,2003-12-31,80.18,0.75,0.5963,895.88,1.1429,6.2075,0.4211,25.48,1.2762,6353,5.8223,2.85,0.5066,63.5,,,,,,,,,,,
414,2004-01-31,80.99,0.7644,0.6157,899.09,1.1406,6.3269,0.4208,25.52,1.3007,6461,5.9424,2.9047,0.5139,64.5,,,,,,,,,,,
415,2004-02-29,84.43,0.7708,0.6198,907.62,1.1231,6.3799,0.4137,25.72,1.3138,6523,5.9994,2.929,0.5207,65.2,,,,,,,,,,,
416,2004-03-31,79.08,0.7589,0.6203,872.01,1.1476,6.2815,0.414,25.09,1.2738,6514,5.9157,2.8838,0.5145,63.8,,,,,,,,,,,
417,2004-04-30,79.5,0.722,0.6033,848.17,1.158,5.9759,0.4069,24.07,1.2302,6274,5.6316,2.7436,0.5003,62.1,,,,,,,,,,,
418,2004-05-31,78.22,0.7143,0.585,830.5,1.1322,5.9122,0.389,23.86,1.2129,6617,5.5668,2.7143,0.4863,61.1,,,,,,,,,,,
419,2004-06-30,74.82,0.6889,0.5702,794.03,1.097,5.7017,0.3815,23.26,1.1833,6484,5.373,2.6178,0.4694,59.1,,,,,,,,,,,
420,2004-07-31,78.22,0.6986,0.5802,819.28,1.104,5.7822,0.3848,23.87,1.2045,6415,5.4489,2.6547,0.4801,60.2,,,,,,,,,,,
421,2004-08-31,76.85,0.7011,0.5806,808.19,1.0756,5.8028,0.39,23.87,1.2008,6544,5.4684,2.6642,0.4809,60.1,,,,,,,,,,,
422,2004-09-30,79.15,0.7147,0.5794,823.73,1.068,5.9153,0.3968,24.29,1.2081,6558,5.5737,2.7159,0.4867,61,,,,,,,,,,,
423,2004-10-31,79.22,0.7461,0.5857,836.53,1.0948,6.1751,0.4078,24.96,1.2413,6781,5.8046,2.8352,0.4995,62.5,,,,,,,,,,,
424,2004-11-30,80.14,0.7775,0.5858,814.43,1.0886,6.435,0.4113,24.99,1.2758,7011,6.0463,2.9545,0.5076,63.6,,,,,,,,,,,
425,2004-12-31,79.99,0.779,0.5717,806.3,1.0834,6.4474,0.4043,24.73,1.2729,7252,6.0563,2.9602,0.5033,63.2,,,,,,,,,,,
426,2005-01-31,80.17,0.7744,0.5945,795.12,1.0887,6.4093,0.411,24.63,1.2695,7094,6.0397,2.9427,0.5092,63.5,,,,,,,,,,,
427,2005-02-28,82.79,0.7905,0.5961,794.06,1.0887,6.5426,0.4114,24.65,1.2858,7324,6.1656,3.0039,0.5185,64.4,,,,,,,,,,,
428,2005-03-31,82.69,0.7719,0.5973,785.89,1.0898,6.3886,0.4107,24.4,1.2741,7325,6.02,2.9332,0.5116,63.8,,,,,,,,,,,
429,2005-04-30,82.33,0.7811,0.6036,780.28,1.07,6.4648,0.4081,24.53,1.2823,7479,6.0885,2.9682,0.5161,64.1,,,,,,,,,,,
430,2005-05-31,81.81,0.7557,0.6096,762.39,1.0681,6.2546,0.4164,23.69,1.2588,7184,5.8784,2.8717,0.5088,63.2,,,,,,,,,,,
431,2005-06-30,84.14,0.7637,0.6315,784.09,1.0907,6.3208,0.4224,24.11,1.2859,7422,5.9355,2.9021,0.5234,64.5,,,,,,,,,,,
432,2005-07-31,85.19,0.7595,0.6262,778.91,1.1122,6.158,0.4327,24.24,1.2619,7458,5.9044,2.8485,0.5238,64.3,,,,,,,,,,,
433,2005-08-31,83.17,0.7471,0.6121,775.75,1.0846,6.0495,0.4185,24.45,1.259,7826,5.8062,2.8179,0.5117,63.3,,,,,,,,,,,
434,2005-09-30,86.05,0.7615,0.6326,793.41,1.0995,6.1624,0.4324,25.24,1.2865,7779,5.9071,2.8705,0.525,64.7,,,,,,,,,,,
435,2005-10-31,86.62,0.7487,0.6214,780.63,1.0661,6.0535,0.4221,25.17,1.2667,7524,5.8048,2.8262,0.5156,63.9,,,,,,,,,,,
436,2005-11-30,88.33,0.7389,0.6274,764.1,1.0512,5.9705,0.4301,24.74,1.2505,7407,5.7296,2.7919,0.518,63.7,,,,,,,,,,,
437,2005-12-31,85.98,0.7337,0.6175,739.17,1.0706,5.9213,0.4246,24.08,1.2205,7209,5.6887,2.7732,0.5134,62.7,,,,,,,,,,,
438,2006-01-31,88.33,0.751,0.6208,723.44,1.1005,6.0543,0.4245,24.02,1.222,7050,5.8255,2.8166,0.5202,63.4,,,,,,,,,,,
439,2006-02-28,85.91,0.7382,0.6225,715.87,1.1175,5.9299,0.4241,23.95,1.199,6812,5.7275,2.7412,0.515,62.6,,,,,,,,,,,
440,2006-03-31,84.05,0.7159,0.5889,697.36,1.17,5.7397,0.4102,23.23,1.1583,6558,5.5553,2.6388,0.4969,60.8,,,,,,,,,,,
441,2006-04-30,86.16,0.7542,0.602,710.61,1.1907,6.0438,0.4186,24.04,1.1931,6637,5.8482,2.7336,0.5154,62.8,,,,,,,,,,,
442,2006-05-31,85.53,0.7636,0.5932,722.1,1.1885,6.1267,0.4055,24.45,1.2028,7021,5.924,2.7715,0.5112,63.2,,,,,,,,,,,
443,2006-06-30,85.11,0.7433,0.5841,706.21,1.2159,5.9413,0.4049,24.09,1.1802,6898,5.7731,2.7283,0.5066,62.2,,,,,,,,,,,
444,2006-07-31,87.54,0.7658,0.6,731.11,1.236,6.1033,0.4107,25.09,1.2084,6946,5.9523,2.7973,0.5181,63.9,,,,,,,,,,,
445,2006-08-31,89.5,0.7627,0.5947,732.88,1.1701,6.0671,0.4005,25.11,1.1996,6939,5.9316,2.8075,0.5131,63.7,,,,,,,,,,,
446,2006-09-30,88.17,0.748,0.5891,707.05,1.1446,5.9138,0.3991,24.73,1.187,6904,5.8275,2.7553,0.5055,62.6,,,,,,,,,,,
447,2006-10-31,90.39,0.7692,0.6051,725.7,1.1565,6.0598,0.405,25.57,1.2013,7011,5.9811,2.8064,0.519,64,,,,,,,,,,,
448,2006-11-30,91.2,0.785,0.596,730.48,1.1544,6.1528,0.4028,25.49,1.212,7195,6.1037,2.84,0.5212,64.5,,,,,,,,,,,
449,2006-12-31,94.13,0.7913,0.6012,735.63,1.1216,6.1791,0.403,25.79,1.2133,7126,6.1509,2.7945,0.5265,64.9,,,,,,,,,,,
450,2007-01-31,93.84,0.772,0.5957,727.26,1.1211,6.0015,0.3933,25.45,1.1866,7020,6.0269,2.7028,0.5175,63.8,,,,,,,,,,,
451,2007-02-28,93.35,0.788,0.5959,740.92,1.1241,6.0994,0.4013,25.96,1.2067,7231,6.1555,2.7627,0.5235,64.6,,,,,,,,,,,
452,2007-03-31,94.94,0.807,0.6049,759.27,1.131,6.2386,0.4111,26.69,1.224,7368,6.3064,2.7886,0.5333,65.9,,,,,,,,,,,
453,2007-04-30,98.84,0.8268,0.6064,769.75,1.1188,6.3706,0.4144,27.54,1.2566,7510,6.4669,2.831,0.5419,67,,,,,,,,,,,
454,2007-05-31,100.21,0.8244,0.6137,764.88,1.1276,6.3044,0.4173,27.19,1.2608,7279,6.4372,2.8058,0.5453,67,,,,,,,,,,,
455,2007-06-30,104.7,0.8487,0.6311,784.84,1.1025,6.4642,0.4236,27.86,1.3005,7668,6.6337,2.9293,0.5605,68.9,,,,,,,,,,,
456,2007-07-31,101.87,0.8572,0.6258,788.15,1.1176,6.4888,0.4229,28.14,1.2955,7874,6.7072,2.9615,0.56,68.8,,,,,,,,,,,
457,2007-08-31,95.42,0.8214,0.601,770.8,1.1656,6.1978,0.4076,27.14,1.25,7729,6.4039,2.8761,0.5366,66.2,,,,,,,,,,,
458,2007-09-30,101.64,0.8827,0.6232,809.04,1.1662,6.6314,0.4367,28.9,1.3158,8071,6.8487,3.0188,0.5679,70,,,,,,,,,,,
459,2007-10-31,105.74,0.9216,0.6384,830.07,1.2049,6.8806,0.4455,29.87,1.3358,8385,7.1428,3.0789,0.5874,72.2,,,,,,,,,,,
460,2007-11-30,97.83,0.8865,0.6014,819.52,1.1474,6.5449,0.4297,28.6,1.2817,8309,6.9045,2.9771,0.5576,68.9,,,,,,,,,,,
461,2007-12-31,98.77,0.8816,0.598,825.18,1.1354,6.4389,0.4412,28.61,1.2707,8282,6.8774,2.9141,0.5585,68.7,,,,,,,,,,,
462,2008-01-31,94.61,0.8884,0.5987,839.98,1.1375,6.381,0.4474,28.58,1.2595,8259,6.9313,2.8749,0.5582,68.3,,,,,,,,,,,
463,2008-02-29,99.27,0.9466,0.6237,887.67,1.161,6.7271,0.4762,29.09,1.3182,8581,7.363,3.0147,0.5907,71.8,,,,,,,,,,,
464,2008-03-31,91.58,0.918,0.5813,910.61,1.1557,6.4393,0.4608,27.93,1.2665,8464,7.1461,2.9266,0.5577,68.9,,,,,,,,,,,
465,2008-04-30,96.96,0.9337,0.5991,936.27,1.2035,6.5345,0.4753,28.43,1.2715,8623,7.2773,2.9484,0.5744,70.7,,,,,,,,,,,
466,2008-05-31,100.73,0.9559,0.616,984.39,1.223,6.6351,0.4833,29.07,1.3041,8899,7.4599,3.0976,0.5888,72.8,,,,,,,,,,,
467,2008-06-30,101.93,0.9626,0.6096,1005.27,1.2609,6.6002,0.4829,29.23,1.3106,8880,7.5091,3.1434,0.5906,73.4,,,,,,,,,,,
468,2008-07-31,101.87,0.9434,0.6051,953.54,1.2872,6.4458,0.4768,28.9,1.2911,8594,7.3611,3.0783,0.5822,72.2,,,,,,,,,,,
469,2008-08-31,94.18,0.8639,0.5857,940.48,1.227,5.9067,0.4717,27.24,1.2233,7907,6.745,2.9299,0.5496,67.7,,,,,,,,,,,
470,2008-09-30,83.41,0.7996,0.5565,964.2,1.1925,5.4733,0.4435,25.8,1.1438,7540,6.2095,2.7626,0.5137,63.4,,,,,,,,,,,
471,2008-10-31,65.26,0.668,0.5223,847.56,1.1429,4.5625,0.4102,21.91,0.9895,7265,5.1784,2.3798,0.4443,54.7,,,,,,,,,,,
472,2008-11-30,62.58,0.6572,0.5091,960.04,1.1889,4.487,0.4269,21.9,0.9903,8001,5.0937,2.3774,0.4399,54.6,,,,,,,,,,,
473,2008-12-31,62.57,0.6928,0.4919,872.62,1.1955,4.7315,0.4796,22.72,0.9967,7586,5.3693,2.4023,0.4476,55.6,,,,,,,,,,,
474,2009-01-31,57.53,0.6438,0.4995,889.28,1.2626,4.4034,0.453,21.69,0.9708,7310,4.9933,2.3238,0.4279,53.2,,,,,,,,,,,
475,2009-02-28,62.99,0.6454,0.5069,982.14,1.2747,4.413,0.4513,22.54,0.9946,7738,5.0047,2.3815,0.4382,54.8,,,,,,,,,,,
476,2009-03-31,67.48,0.6873,0.519,955.35,1.2094,4.6974,0.4804,23.34,1.0441,7983,5.3268,2.509,0.4612,57.4,,,,,,,,,,,
477,2009-04-30,70.72,0.7265,0.546,939.55,1.2836,4.9584,0.4896,24.09,1.0757,7761,5.6304,2.59,0.4849,59.7,,,,,,,,,,,
478,2009-05-31,76.38,0.7912,0.5648,991.18,1.2569,5.4026,0.4937,25.79,1.1461,8161,6.1333,2.77,0.5154,63.3,,,,,,,,,,,
479,2009-06-30,77.76,0.8114,0.5751,1031.94,1.2428,5.5442,0.4872,26.66,1.1749,8295,6.2884,2.8569,0.5234,64.7,,,,,,,,,,,
480,2009-07-31,78.95,0.8281,0.5862,1016.78,1.2625,5.6582,0.5007,27.17,1.1926,8211,6.4179,2.912,0.5339,65.7,,,,,,,,,,,
481,2009-08-31,77.88,0.8393,0.5877,1048.12,1.2296,5.7336,0.5168,27.61,1.2109,8460,6.5054,2.9556,0.5366,66.3,,,,,,,,,,,
482,2009-09-30,78.82,0.8801,0.6015,1037.9,1.2193,6.0083,0.5487,28.3,1.2445,8511,6.8209,3.0579,0.5579,68.2,,,,,,,,,,,
483,2009-10-31,83.49,0.9161,0.6169,1083.7,1.251,6.2547,0.5533,29.76,1.2794,8740,7.1,3.1244,0.5771,70.7,,,,,,,,,,,
484,2009-11-30,79.24,0.9178,0.6092,1064.92,1.2738,6.2669,0.5539,29.54,1.269,8678,7.1131,3.1072,0.57,69.9,,,,,,,,,,,
485,2009-12-31,82.82,0.8969,0.6241,1045.86,1.2354,6.1228,0.5581,28.84,1.2589,8429,6.9553,3.0714,0.5742,69.7,,,,,,,,,,,
486,2010-01-29,80.12,0.8909,0.6395,1030.59,1.2662,6.083,0.5523,28.48,1.2530000000000001,8343,6.92,3.0447,0.5723,69.2,41.32,29.54,16461,3.2718,2.4111000000000002,0.9517,6.7897,3.3411,0.9387,6.5618,
487,2010-02-26,79.42,0.8899,0.6551,1031.75,1.2828,6.075,0.5826,28.54,1.2532,8307,6.9078,3.0282,0.5819,69.5,41.18,29.43,16864,3.2682,2.4414,0.9417,6.8909,3.3374,0.9585,6.3705,
488,2010-03-31,85.55,0.9159,0.6827,1037.49,1.2905,6.252,0.6072,29.09,1.284,8348,7.1108,2.9991,0.6028,71.7,41.34,29.64,17485,3.3636,2.5231,0.9325,6.7639,3.4346,0.9767,6.6548,
489,2010-04-30,87.49,0.93,0.7023,1030.77,1.2828,6.3486,0.6065,29.17,1.2719,8381,7.2217,2.9672,0.6166,72.5,41.34,30.07,17650,3.4154,2.5620000000000003,0.9335,6.8474,3.4878,1.0077,6.7523,
490,2010-05-31,77.71,0.849,0.6901,1016.93,1.2429999999999999,5.7971,0.5876,27.13,1.1898,7779,6.6149000000000004,2.7656,0.5759,67.5,39.39,27.6,16127,3.118,2.4051,0.8901,6.4566,3.1841,0.9818,6.6427,
491,2010-06-30,75.46,0.8523,0.6979,1041.94,1.2308,5.7863,0.5666,27.43,1.194,7735,6.634,2.7747,0.5778,67.3,39.73,27.63,16262,3.1301,2.3741,0.8976,6.5338,3.1965,0.9224,6.6275,
492,2010-07-30,77.67,0.8986,0.6878,1063.72,1.2455,6.0866,0.5754,28.73,1.2241,8044,6.9796,2.8562,0.5906,69.4,41.74,29.01,17141,3.3001,2.4352,0.9309,6.6129,3.3698,0.9363,6.4927,
493,2010-08-31,75.06,0.8918,0.7053,1069.22,1.2727,6.0713,0.578,28.55,1.2101,8066,6.9387,2.8033,0.5909,69,41.95,27.92,17386,3.2751,2.4234,0.9454,6.5552,3.3445,0.9135,6.6167,
494,2010-09-30,80.58,0.9667,0.7121,1103.1,1.3131,6.4678,0.6098,30.23,1.2732,8625,7.501,2.9857,0.6227,72.9,43.45,29.4,18826,3.5502000000000002,2.5779,0.9992,6.7426,3.6254999999999997,0.9456,6.5282,
495,2010-10-29,78.67,0.9761,0.7029,1097.09,1.2961,6.5181000000000004,0.6125,29.86,1.2678,8714,7.5707,3.0362,0.6219,72.7,43.5,29.25,19024,3.5846999999999998,2.5857,0.9976,6.8542,3.6606,0.9629,6.5886,
496,2010-11-30,80.88,0.9618,0.7348,1111.41,1.2924,6.413,0.6191,29.3,1.2691,8690,7.4681,3.0412,0.6281,73,44.31,29.11,18754,3.5322,2.5343999999999998,0.9811,6.878,3.6069,0.9623,6.7322,
497,2010-12-31,82.83,1.0163,0.7647,1146.89,1.3171,6.7015,0.6585,29.63,1.3068,9142,7.9033,3.1338,0.6599,75.8,45.58,30.59,19816,3.7324,2.6851000000000003,1.0167,6.7279,3.8111,0.9534,6.8692,
498,2011-01-31,81.43,0.9924,0.7294,1113.03,1.286,6.5409,0.6254,28.85,1.2759,8989,7.7362,3.0373,0.6344,74,45.63,30.94,19350,3.6446,2.6116,0.9933,7.114,3.7221,0.9346,6.4687,
499,2011-02-28,83,1.0163,0.7388,1146.18,1.3518,6.6848,0.6311,30.23,1.2934,8955,7.9196,3.1012,0.6475,75.5,45.98,31.09,21218,3.7324,2.6295,0.9939,7.1277,3.8115,0.942,6.5244,
500,2011-03-31,85.6,1.0334,0.7309,1137.15,1.3592,6.7727,0.642,30.46,1.3028,9000,8.0488,3.1271,0.6541,76.3,46.21,31.28,21593,3.7952,2.66,1.0035,7.0524,3.8756,0.9485,6.532,
501,2011-04-29,88.91,1.09,0.7344,1168.04,1.3598,7.0753,0.6542,31.26,1.3376,9345,8.4721,3.2406,0.673,78.9,48.36,32.6,22487,4.003,2.6914,1.0375,7.2024,4.0878,0.9515,6.5375,
502,2011-05-31,87.15,1.0709,0.7447,1155.61,1.2993,6.9399,0.6479,30.75,1.3196,9141,8.3301,3.2272,0.6723,77.8,48.22,32.46,22002,3.9329,2.5528,1.0407,7.3951,4.0161,0.914,6.6191,
503,2011-06-30,86.33,1.0739,0.7405,1146.87,1.2953,6.941,0.6667,30.84,1.3204,9230,8.3581,3.2421,0.6724,77.8,48.04,33,22112,3.9439,2.4801,1.0389,7.2864,4.0273,0.8927,6.7834,
504,2011-07-29,84.92,1.0954,0.7663,1154.33,1.2652,7.0567,0.671,31.6,1.3206,9316,8.5374,3.2482,0.684,78.4,48.38,32.58,22560,4.0229,2.4839,1.0424,7.3972,4.108,0.8768,6.9795,
505,2011-08-31,81.85,1.0691,0.7408,1140.57,1.2514,6.8194,0.6556,31.04,1.2877,9160,8.3355,3.1891,0.6648,76.5,49.27,32.09,22271,3.9263,2.4106,1.0458,7.5505,4.0094,0.8719,6.8031,
506,2011-09-30,74.88,0.9781,0.7213,1152.5,1.2757,6.2472,0.6269,29.88,1.2686,8617,7.6209,3.1187,0.6241,72.4,47.9,30.48,20374,3.5921,2.1906,1.0163,7.7964,3.6683,0.8791,6.6835,
507,2011-10-31,83.23,1.0509,0.7511,1165.92,1.2997,6.6755,0.658,31.43,1.3159,9285,8.1639,3.2315,0.6581,76.9,51.35,32.33,22078,3.8594,2.3097,1.0528,8.2341,3.9411,0.9183,6.7815,
508,2011-11-30,78.05,1.0021,0.7516,1141.74,1.3135,6.3822,0.6425,30.39,1.2975,9189,7.8056,3.1767,0.6447,74.6,52.25,31.26,21054,3.6802,2.1785,1.0343,8.3526,3.7583,0.9218,6.9023,
509,2011-12-30,78.73,1.0156,0.7847,1170.99,1.3145,6.4096,0.6589,30.78,1.321,9293,7.8912,3.2266,0.6636,75.8,54.02,32.18,21363,3.7298,2.1771,1.0364,8.3074,3.8086,0.9557,7.0127,
510,2012-01-31,81.03,1.0637,0.8063,1195.97,1.2909,6.7194,0.6759,31.46,1.334,9579,8.2503,3.2384,0.6874,77.9,52.82,33.01,22370,3.9064,2.2441,1.0648,8.3049,3.9892,0.9718,7.1531,
511,2012-02-29,86.92,1.0816,0.8021,1209.5,1.2841,6.8086,0.6788,31.81,1.3486,9837,8.3876,3.2432,0.6957,79.2,52.97,32.72,22538,3.9722,2.237,1.0744,8.0792,4.0563,0.9667,7.0767,
512,2012-03-30,85.34,1.0402,0.7788,1178.29,1.269,6.5526,0.6507,30.72,1.3071,9554,8.0768,3.1913,0.6732,76.9,53.25,32.1,21676,3.8201,2.1581,1.0379,8.0155,3.901,0.9387,6.9027,
513,2012-04-30,83.77,1.0453,0.7889,1181.24,1.2718,6.5957,0.642,30.46,1.2925,9608,8.11,3.1693,0.6746,77,54.92,32.1,21810,3.8389,2.1575,1.0254,8.0897,3.9202,0.9477,7.02,
514,2012-05-31,76.63,0.9727,0.7849,1148.03,1.2877,6.2008,0.6283,29.03,1.2516,9302,7.5522,3.0917,0.6435,73.6,54.85,31.02,20300,3.5722,2.0097,0.9995,8.3049,3.6479,0.9427,7.0402,
515,2012-06-29,80.89,1.0191,0.8092,1167.23,1.2771,6.4776,0.6529,30.43,1.294,9659,7.904,3.2331,0.6746,76.5,57.46,32.39,21304,3.7426,2.1056,1.0454,8.4409,3.8219,0.9722,7.0987,
516,2012-07-31,82.36,1.0526,0.8578,1190.12,1.299,6.7153,0.6701,31.6,1.3109,9983,8.1623,3.3073,0.6981,78.9,58.66,33.22,21968,3.8657,2.1838,1.0538,8.6152,3.9474,1.0305,7.1462,
517,2012-08-31,80.82,1.0301,0.8239,1168.75,1.2883,6.5391,0.6527,30.84,1.2904,9853,7.9895,3.2235,0.6776,77,57.39,32.32,21483,3.783,2.1483,1.0223,8.7282,3.8631,0.9895,6.8927,
518,2012-09-28,81.05,1.0464,0.8093,1163.02,1.2533,6.5818,0.6437,30.68,1.2816,10032,8.1133,3.2062,0.6795,76.9,55.12,32.22,21854,3.8429,2.1777,1.0244,8.6093,3.9241,0.9791,6.8247,
519,2012-10-31,82.66,1.0378,0.8008,1131.67,1.2636,6.4767,0.6452,30.33,1.2666,9996,8.0433,3.1705,0.6747,76.5,56.23,31.85,21638,3.8113,2.1643,1.0369,8.9653,3.892,0.9674,6.8964,
520,2012-11-30,85.98,1.0431,0.8025,1129.99,1.2677,6.4947,0.65,30.33,1.2732,10019,8.0843,3.1736,0.6798,77.2,57.02,32.02,21759,3.8308,2.1891,1.0358,9.1514,3.9117,0.9666,6.946,
521,2012-12-31,89.46,1.0384,0.7868,1107.87,1.2608,6.4687,0.6428,30.16,1.2694,10008,8.0491,3.1765,0.6757,77.1,56.89,31.79,21640,3.8135,2.1838,1.0332,8.8002,3.8943,0.9498,6.7651,
522,2013-01-31,94.4,1.0394,0.766,1132.69,1.2448,6.4638,0.6577,30.75,1.2878,10145,8.0637,3.2284,0.6747,77.7,55.32,30.98,21671,3.8172,2.1905,1.0428,9.3783,3.898,0.9451,6.5981,
523,2013-02-28,94.8,1.0275,0.7818,1112.32,1.2357,6.398,0.6777,30.47,1.2702,9934,7.9697,3.1765,0.6786,77.4,55.21,30.65,21526,3.7735,2.1769,1.0513,9.0818,3.8534,0.9552,6.6088,
524,2013-03-29,98.08,1.0426,0.8155,1161.93,1.2464,6.4793,0.689,31.21,1.2963,10124,8.0935,3.2352,0.6969,79.1,56.73,30.49,21835,3.8289,2.2302,1.0599,9.6518,3.91,0.9941,6.8064,
525,2013-04-30,101.39,1.0368,0.7908,1142.04,1.2102,6.3919,0.669,30.54,1.2787,10081,8.0465,3.1415,0.687,78.4,56.22,30.47,21607,3.8076,2.2273,1.0484,9.3053,3.8882,0.9705,6.7863,
526,2013-05-31,97.34,0.9649,0.7403,1090,1.1933,5.923,0.6341,28.9,1.2168,9459,7.4911,2.9791,0.6446,74,54.54,29.13,20275,3.5436,2.084,0.9948,9.732,3.6186,0.9213,6.3418,
527,2013-06-28,91.64,0.9275,0.7095,1059.53,1.1871,5.6991,0.6072,27.8,1.1725,9208,7.1946,2.9383,0.6168,71.4,55.36,28.89,19668,3.4062,2.0295,0.9699,9.2103,3.4784,0.8754,6.227,
528,2013-07-31,88.48,0.9037,0.6817,1015.13,1.1315,5.5401,0.5934,27.08,1.1504,9290,7.0084,2.9357,0.5966,69.4,55.18,28.34,19136,3.3188,2.0446,0.9312,8.892,3.3892,0.8403,5.9234,
529,2013-08-30,87.84,0.8947,0.6756,993.47,1.1491,5.4761,0.5766,26.77,1.1401,9770,6.9385,2.944,0.5901,69.2,59.64,28.72,18927,3.2858,2.0615,0.9422,9.2422,3.3557,0.8328,5.9009,
530,2013-09-30,91.13,0.9309,0.69,1000.39,1.1248,5.696,0.576,27.53,1.1707,10845,7.2184,3.0357,0.6074,71.2,58.42,29.23,19651,3.4187,2.2377,0.9596,9.4114,3.4911,0.8434,5.9878,
531,2013-10-31,93.4,0.949,0.6923,1005.51,1.1497,5.7833,0.5924,27.89,1.1759,10714,7.3578,2.9969,0.6149,72.1,58.24,29.5,20024,3.4852,2.2923,0.9949,9.4416,3.5591,0.855,6.084,
532,2013-11-29,92.94,0.9087,0.6676,961.72,1.1216,5.5362,0.5553,26.91,1.1409,10884,7.045,2.9315,0.5919,69.8,56.6,29.18,19192,3.3372,2.2002,0.963,9.2696,3.408,0.8227,5.9461,
533,2013-12-31,93.95,0.8948,0.6485,939.54,1.0879,5.4147,0.5429,26.75,1.1323,10899,6.9385,2.9363,0.5811,68.9,55.38,29.35,18894,3.2862,2.1666,0.9524,9.331,3.3559,0.7942,,39.71
534,2014-01-31,89.75,0.8763,0.6467,947.15,1.0773,5.3113,0.5319,26.6,1.1182,10700,6.8058,2.9325,0.5704,67.7,54.7,28.94,18455,3.2182,2.1218,0.9793,9.8146,,0.7909,,39.73
535,2014-02-28,90.91,0.8947,0.653,955.41,1.0659,5.5145,0.5364,27.14,1.1339,10417,6.9442,2.9369,0.5805,68.9,55.58,29.21,18876,3.2858,2.1663,0.9956,9.5858,,0.7948,,39.97
536,2014-03-31,94.83,0.9221,0.6707,983.28,1.0661,5.7377,0.5544,28.1,1.1634,10475,7.1537,3.0165,0.5973,71,55.22,29.93,19461,3.3864,2.2327,1.0201,9.7818,,0.8181,,41.36
537,2014-04-30,95.08,0.9287,0.6729,959.67,1.0847,5.8195,0.5525,28.06,1.1668,10736,7.2003,3.0341,0.5989,71.4,56.04,30.02,19580,3.4107,2.2487,1.018,9.8151,,0.8212,,41.36
538,2014-05-30,94.66,0.9319,0.6852,950.68,1.0952,5.8179,0.5569,27.95,1.1692,10841,7.2249,2.997,0.6048,71.5,55,30.56,19719,3.4224,2.2564,1.0098,9.7085,,0.8368,,40.85
539,2014-06-30,95.43,0.942,0.6906,953.16,1.0761,5.8466,0.5531,28.13,1.1763,11177,7.3013,3.0243,0.61,72,56.59,30.56,20096,3.4595,2.2864,1.0057,9.9694,,0.8396,,41.1
540,2014-07-31,95.79,0.9324,0.6959,958.23,1.0957,5.7553,0.5509,27.94,1.1621,10795,7.2262,2.9744,0.6081,71.5,56.18,29.82,19804,3.4242,2.2825,1.0167,9.9534,,0.847,,40.49
541,2014-08-29,97.07,0.9349,0.7096,947.88,1.117,5.7437,0.5638,27.94,1.1675,10946,7.2455,2.951,0.6158,71.9,56.58,29.86,19818,3.4334,2.3027,1.0152,9.9518,,0.8561,,40.83
542,2014-09-30,95.73,0.8752,0.6898,923.55,1.1216,5.3797,0.5384,26.65,1.1147,10649,6.7944,2.8645,0.5884,68.9,53.96,28.35,18579,3.2142,2.1717,0.9758,9.8548,,0.8325,,39.24
543,2014-10-31,97.02,0.8805,0.6995,936.49,1.1232,5.3803,0.5508,26.74,1.1264,10650,6.8285,2.8946,0.5946,69.4,54.07,28.63,18719,3.2336,2.2207,0.9866,9.5935,,0.8435,,39.47
544,2014-11-28,100.43,0.8491,0.6822,939.57,1.0839,5.2181,0.5406,26.29,1.107,10362,6.5834,2.8644,0.5799,68.2,52.56,27.88,18166,3.1183,2.1716,0.9641,9.3541,,0.82,,38.12
545,2014-12-31,98.04,0.8202,0.6746,895.49,1.0462,5.0859,0.5271,25.91,1.0836,10202,6.362,2.8666,0.5663,66.5,51.96,26.97,17548,3.0122,2.1276,0.9518,,,0.8112,,36.7
546,2015-01-30,91.83,0.7781,0.6869,852.88,1.0687,4.8638,0.5162,24.53,1.0514,9812,6.0318,2.8194,0.5523,63.9,48.09,25.46,16597,2.8576,2.0396,0.9824,,,0.7172,,34.3
547,2015-02-27,92.83,0.7792,0.695,856.38,1.033,4.8852,0.5047,24.51,1.0574,10027,6.0432,2.8149,0.551,64.1,48.17,25.22,16640,2.8616,2.0587,0.9732,,,0.7416,,34.35
548,2015-03-31,91.72,0.7634,0.707,847.83,1.0195,4.7346,0.5164,23.9,1.0501,9993,5.9198,2.8345,0.5518,63.3,47.83,24.83,16444,2.8036,2.0439,0.9694,,,0.74,,34.14
549,2015-04-30,94.66,0.7981,0.7198,855.72,1.0503,4.9518,0.5178,24.43,1.0569,10331,6.1856,2.8492,0.5713,65.3,50.72,26.23,17231,2.931,2.1483,0.9604,,,0.7509,,35.59
550,2015-05-29,94.93,0.7663,0.6998,849.25,1.0723,4.7521,0.4998,23.49,1.0333,10127,5.9409,2.7997,0.5514,63.7,48.86,25.84,16713,2.8142,2.0852,0.952,,,0.7229,,34.15
551,2015-06-30,93.92,0.768,0.6866,856.67,1.1294,4.7661,0.4885,23.72,1.034,10228,5.9536,2.9046,0.5473,63.8,48.95,25.94,16752,2.8205,2.107,0.9517,,,0.7145,,34.65
552,2015-07-31,90.48,0.7294,0.667,853.51,1.1077,4.5294,0.4673,23.03,1.0025,9836,5.6544,2.7842,0.5231,61.4,46.7,25.67,15911,2.6787,2.0233,0.9484,,,0.7053,,33.3
553,2015-08-31,86.6,0.7149,0.6355,845.4,1.1127,4.5604,0.4633,23.29,1.0099,10032,5.5408,2.999,0.5077,60.9,47.39,25.66,16067,2.6255,2.0053,0.946,,,0.6861,,33.41
554,2015-09-30,84.05,0.701,0.6236,830.97,1.0998,4.4552,0.4623,23.03,0.9984,10280,5.4328,3.1086,0.499,59.9,46.08,25.48,15760,2.5744,2.0115,0.9401,,,0.6818,,32.79
555,2015-10-30,86.12,0.7099,0.6467,809.25,1.0534,4.4998,0.4637,23.09,0.9954,9706,5.5018,3.0543,0.5096,60.3,46.3,25.27,15844,2.6071,2.0757,0.9347,,,0.7029,,33.28
556,2015-11-30,88.22,0.7189,0.679,832.02,1.0982,4.5984,0.4784,23.5,1.0157,9950,5.5717,3.0643,0.5234,61.8,48.04,25.79,16177,2.6402,2.1301,0.962,,,0.741,,33.92
557,2015-12-31,87.98,0.7306,0.6682,856.79,1.0667,4.7442,0.4929,24.04,1.0328,10082,5.663,3.1346,0.5268,62.7,48.51,26.37,16411,2.6831,2.1973,1.0137,,,0.722,,
558,2016-01-29,85.21,0.71,0.6496,857.72,1.0933,4.669,0.4942,23.79,1.0127,9826,5.5322,2.9501,0.5136,61.5,48.32,25.42,15783,2.6075,2.1548,0.9956,,,0.7209,,
559,2016-02-29,80.76,0.714,0.653,885.25,1.0838,4.6753,0.5146,23.8,1.0054,9563,5.5522,3.0106,0.5142,61.4,48.98,25.51,15922,2.6222,2.1768,0.9658,,,0.7116,,
560,2016-03-31,85.93,0.7657,0.6765,875.69,1.11,4.9513,0.5338,24.66,1.0346,10172,5.9374,3.0054,0.5443,64.4,50.77,26.97,17068,2.812,2.3743,0.9951,,,0.7394,,
561,2016-04-29,82.15,0.7655,0.6721,872.22,1.0976,4.957,0.5227,24.7,1.029,10112,5.9381,2.9931,0.5416,63.8,50.93,26.75,17063,2.8113,2.411,0.9589,,,0.7375,,
562,2016-05-31,80.59,0.7242,0.6506,863.07,1.0769,4.7684,0.4936,23.64,1.0003,9864,5.6261,2.9852,0.5151,61.7,48.69,25.89,16216,2.6596,2.2918,0.9441,,,0.7188,,
563,2016-06-30,76.23,0.7426,0.6699,855.36,1.0489,4.9344,0.5549,23.96,1.0027,9790,5.7617,2.9905,0.532,62.5,50.19,26.15,16564,2.7272,2.35,0.9632,,,0.7283,,
564,2016-07-29,77.94,0.7522,0.679,842.69,1.0609,5.0045,0.5708,23.99,1.0146,9854,5.8335,3.0487,0.5411,63.3,50.43,26.24,16773,2.7625,2.3842,0.9894,,,0.7369,,
565,2016-08-31,77.48,0.7514,0.674,838.28,1.0377,5.0181,0.574,23.83,1.0248,9982,5.8287,3.0435,0.5383,63.2,50.32,26.04,16760,2.7595,2.3816,0.9838,,,0.7392,,
566,2016-09-30,77.13,0.763,0.6802,837.92,1.0484,5.0893,0.5886,23.9,1.0412,9917,5.9171,3.16,0.5457,63.9,50.83,26.48,17019,2.8021,2.4184,1.0034,,,0.7371,,
567,2016-10-31,79.79,0.7613,0.6941,869.79,1.0642,5.1535,0.6244,24.01,1.0595,9933,5.904,3.2001,0.555,65,50.84,26.64,16994,2.7959,2.413,1.0204,,,0.7519,,
568,2016-11-30,84.23,0.7474,0.7028,873.34,1.0463,5.1463,0.5985,23.82,1.0652,10138,5.7966,3.3371,0.5528,65.3,51.26,26.62,16947,2.7448,2.3727,1.0047,,,0.7572,,
569,2016-12-30,84.47,0.7236,0.6872,873.97,1.0397,5.0286,0.5892,23.34,1.0465,9725,5.6122,3.2457,0.54,63.9,49.18,25.93,16473,2.6574,2.2971,0.9754,,,0.7384,,
570,2017-01-31,85.93,0.7567,0.7075,880.61,1.0379,5.2091,0.6048,23.76,1.0741,10095,5.8707,3.3518,0.5587,65.8,51.36,26.65,17096,2.779,2.4022,0.9908,,,0.7531,,
571,2017-02-28,86.54,0.7688,0.726,869.36,1.069,5.2811,0.6184,23.6,1.0792,10258,5.967,3.4158,0.5683,66.7,51.33,26.84,17502,2.8234,2.4406,1.013,,,0.775,,
572,2017-03-31,85.67,0.7644,0.7161,855.78,1.095,5.2734,0.6126,23.22,1.0686,10185,5.9398,3.3825,0.5621,66.2,49.56,26.34,17396,2.8073,2.4305,1.0199,,,0.7654,,
573,2017-04-28,83.1,0.7475,0.6882,849.61,1.0868,5.153,0.5792,22.6,1.044,9963,5.8158,3.2509,0.546,64.5,48,25.86,16993,2.7452,2.3768,1.0198,,,0.7438,,
574,2017-05-31,82.61,0.745,0.6671,834.59,1.0517,5.0903,0.5821,22.43,1.0315,9920,5.8045,3.1871,0.5396,63.8,48.1,25.4,16920,2.736,2.3688,1.0022,,,0.727,,
575,2017-06-30,86.16,0.7692,0.673,880.2,1.05,5.2067,0.5913,23.4,1.0598,10252,6.0031,3.3029,0.5531,65.5,49.77,26.15,17485,2.8249,2.4458,0.999,,,0.7364,,
576,2017-07-31,88.26,0.7987,0.68,894.06,1.0638,5.3703,0.6082,24.13,1.0839,10643,6.2372,3.4172,0.5683,67.3,51.18,26.6,18153,2.9332,2.5396,0.9953,,,0.7731,,
577,2017-08-31,87.27,0.7898,0.6652,890.85,1.1014,5.213,0.6113,23.82,1.073,10539,6.1806,3.3728,0.5569,66.3,50.55,26.23,17953,2.9005,2.5193,0.9989,,,0.7613,,
578,2017-09-29,88.32,0.7839,0.6658,898.11,1.0871,5.2359,0.5845,23.81,1.0652,10563,6.1231,3.3139,0.5553,66.2,51.28,26.17,17815,2.8789,2.5085,0.9755,,,0.7617,,
579,2017-10-31,86.85,0.7673,0.66,859.84,1.1201,5.0857,0.5814,23.14,1.0446,10415,5.9857,3.2464,0.5467,64.9,49.75,25.5,17431,2.8179,2.4632,0.9854,,,0.7646,,
580,2017-11-30,84.97,0.7585,0.6394,824.72,1.1084,5.0101,0.5632,22.76,1.0223,10254,5.9217,3.1,0.5355,63.6,48.9,24.77,17232,2.7856,2.435,0.9758,,,0.7468,,
581,2017-12-29,87.94,0.78,0.653,835.09,1.0991,5.0842,0.5797,23.16,1.0424,10572,6.0994,3.166,0.549,64.9,49.91,25.45,17713,2.8646,2.5202,0.9798,,,0.7633,,
582,2018-01-31,87.87,0.8073,0.65,863.93,1.0946,5.1058,0.5696,23.54,1.0577,10814,6.314,3.1493,0.5548,65.6,51.46,25.33,18333,2.9648,2.6084,0.9946,,,0.7539,,
583,2018-02-28,83.52,0.7792,0.6374,844.07,1.0779,4.9312,0.5605,22.81,1.0326,10688,6.1004,3.058,0.5369,63.6,50.72,24.51,17732,2.8616,2.5258,0.9952,,,0.7325,,
584,2018-03-29,81.61,0.7665,0.6217,817.31,1.0646,4.8246,0.5444,22.34,1.0051,10549,6.0154,2.9648,0.5259,62.3,49.96,23.95,17484,2.815,2.4927,0.9901,,,0.7325,,
585,2018-04-30,82.63,0.757,0.6237,807.91,1.0692,4.7936,0.5489,22.4,1.002,10508,5.9415,2.9671,0.5265,62.1,50.46,23.86,17232,2.7801,2.4618,0.972,,,0.7475,,
586,2018-05-31,82.29,0.7564,0.6475,814.45,1.0832,4.8441,0.568,22.67,1.0122,10505,5.9354,3.0078,0.5349,62.8,51.05,24.2,17250,2.7779,2.4679,0.9733,,,0.7477,,
587,2018-06-29,81.82,0.7391,0.6344,822.91,1.0903,4.8888,0.5634,22.5,1.0078,10612,5.8003,2.9837,0.5261,62.6,50.68,24.47,16970,2.7143,2.4273,0.9771,,,0.7348,,
588,2018-07-31,82.68,0.7431,0.6345,830.3,1.0885,5.0701,0.5661,22.76,1.0119,10712,5.8323,3.0181,0.5295,63.5,50.99,24.72,17299,2.729,2.4525,0.9699,,,0.7339,,
589,2018-08-31,80.58,0.726,0.6215,808.15,1.0919,4.9571,0.5576,22.3,0.9931,10690,5.6979,2.9835,0.5177,62.2,51.52,23.76,16918,2.6662,2.412,0.9446,,,0.7026,,
590,2018-09-28,81.96,0.7222,0.62,800.31,1.0921,4.9708,0.5519,22.02,0.9873,10757,5.6525,2.9892,0.5151,62.2,52.39,23.37,16847,2.6523,2.4073,0.9405,,,0.7051,,
591,2018-10-31,80.23,0.7085,0.6247,807.71,1.0827,4.936,0.5575,21.92,0.9823,10787,5.5588,2.9637,0.5126,61.9,52.46,23.57,16541,2.602,2.3775,0.9302,,,0.7122,,
592,2018-11-30,82.98,0.7316,0.6421,819.57,1.0659,5.0797,0.5725,22.56,1.0026,10466,5.7221,3.0625,0.5289,63.3,50.99,24.07,17057,2.6868,2.4633,0.9723,,,0.7293,,
593,2018-12-31,77.93,0.7058,0.6178,787.57,1.0519,4.8548,0.5563,21.58,0.9636,10212,5.5285,2.9213,0.5075,60.7,49.33,22.97,16371,2.5921,2.3764,0.9622,,,0.6956,,
594,2019-01-31,79.09,0.7268,0.6318,807.55,1.0514,4.8698,0.5537,22.33,0.9786,10168,5.7016,2.9712,0.5202,61.6,51.57,22.71,16861,2.6692,2.4471,0.9544,,,0.7216,,
595,2019-02-28,79.23,0.7146,0.6281,799.28,1.0435,4.7745,0.5372,22,0.9637,10054,5.6093,2.9088,0.5113,60.7,50.86,22.49,16579,2.6244,2.4061,0.94,,,0.7137,,
596,2019-03-29,78.49,0.7087,0.631,805.24,1.0442,4.7659,0.5422,21.87,0.9608,10090,5.5633,2.8922,0.5105,60.5,48.95,22.55,16443,2.6027,2.3902,0.9525,,,0.7058,,
597,2019-04-30,78.5,0.7039,0.6297,821.2,1.0574,4.7442,0.5441,21.79,0.9594,10013,5.5222,2.9106,0.5092,60.5,49.13,22.51,16394,2.5851,2.378,0.9482,,,0.7178,,
598,2019-05-31,75.34,0.6916,0.6214,823.42,1.062,4.7769,0.5484,21.87,0.9537,9945,5.4267,2.903,0.5022,60,48.28,21.97,16193,2.5399,2.3404,0.9366,,,0.6955,,
599,2019-06-28,75.54,0.7013,0.6171,810.2,1.0462,4.8181,0.5535,21.74,0.9492,9911,5.4762,2.9041,0.5045,60.1,48.36,21.54,16342,2.5755,2.3733,0.9187,,,0.6844,,
600,2019-07-31,74.84,0.6894,0.6179,814.86,1.0449,4.7452,0.5669,21.43,0.9441,9658,5.3948,2.8452,0.5012,59.5,47.47,21.22,16015,2.5318,2.3409,0.9059,,,0.6833,,
601,2019-08-30,71.46,0.6718,0.6081,812.85,1.0662,4.8029,0.5512,21.06,0.9328,9555,5.2701,2.8363,0.4904,58.9,48.2,20.59,15576,2.4672,2.285,0.8937,,,0.6633,,
602,2019-09-30,72.74,0.6749,0.6171,808.4,1.0781,4.8086,0.5488,20.94,0.9325,9567,5.2919,2.8265,0.4947,59.2,47.7,20.65,15658,2.4786,2.2956,0.8934,,,0.6691,,
603,2019-10-31,75.26,0.6926,0.6203,803.94,1.0775,4.8753,0.5357,21.04,0.9421,9705,5.4269,2.893,0.5031,60,48.99,20.91,16068,2.5436,2.3558,0.9113,,,0.6837,,
604,2019-11-29,74.19,0.6777,0.6155,800.74,1.0551,4.766,0.5249,20.68,0.9259,9562,5.3044,2.8274,0.4936,59,48.59,20.49,15710,2.4889,2.3051,0.9004,,,0.6768,,
605,2019-12-31,76.16,0.7006,0.6254,810.07,1.0412,4.8876,0.534,21.02,0.9438,9719,5.4541,2.8672,0.5067,60.3,49.94,21,16235,2.573,2.3871,0.9144,,,0.6782,,
606,2020-01-31,73.35,0.6724,0.6099,798.95,1.0367,4.6682,0.5133,20.33,0.9156,9182,5.2243,2.7481,0.4887,58.1,48.05,20.92,15615,2.4694,2.291,0.8878,,,0.6527,,
607,2020-02-28,71.09,0.6524,0.5934,793.81,1.0453,4.5742,0.5063,19.76,0.9126,9264,5.0873,2.7564,0.4763,57,46.95,20.67,15159,2.3959,2.2228,0.8773,,,0.6315,,
608,2020-03-31,66.85,0.6175,0.5605,752.86,1.0257,4.377,0.5006,18.69,0.8795,10098,4.7883,2.6525,0.4505,54.7,46.63,20.16,14583,2.2678,2.1147,0.8767,,,0.5929,,
609,2020-04-30,69.91,0.6566,0.6043,800.07,1.0676,4.6299,0.5261,19.55,0.9255,9803,5.089,2.8352,0.4814,57.8,49.23,21.23,15383,2.4114,2.2564,0.9104,,,0.64,,
610,2020-05-29,71.32,0.6659,0.5998,823.12,1.0718,4.7587,0.5394,19.96,0.9407,9779,5.1625,2.8967,0.4876,58.8,50.35,21.2,15503,2.4455,2.2962,0.9165,,,0.6413,,
611,2020-06-30,73.94,0.6863,0.6111,824.96,1.0703,4.8523,0.5586,20.25,0.9576,9773,5.3191,2.9374,0.4974,60,51.81,21.21,15926,2.5204,2.3747,0.9387,,,0.6534,,
612,2020-07-31,75.27,0.7213,0.6067,857.91,1.0762,5.0409,0.5497,21.18,0.9884,10531,5.5901,3.0578,0.5126,61.9,53.9,22.51,16720,2.649,2.5045,0.9689,,,0.6544,,
613,2020-08-31,77.66,0.7354,0.6178,871.57,1.0922,5.0389,0.5512,21.58,0.9996,10704,5.6996,3.0622,0.5185,62.6,54.03,22.88,17042,2.7008,2.5624,0.9621,,,0.6646,,
614,2020-09-30,74.99,0.7108,0.6058,831.35,1.0801,4.8425,0.5538,20.61,0.9735,10584,5.5088,2.9559,0.5051,60.7,52.45,22.52,16478,2.6104,2.4853,0.9533,,,0.6546,,
615,2020-10-30,73.51,0.7044,0.603,795.3,1.0629,4.708,0.5453,20.15,0.9613,10302,5.4606,2.9292,0.4989,59.5,52.2,21.99,16329,2.5869,2.4629,0.9378,,,0.6442,,
616,2020-11-30,76.8,0.7393,0.6177,817.4,1.0513,4.868,0.5543,21.07,0.9887,10412,5.7304,3.0082,0.5187,61.5,54.74,22.38,17110,2.7151,2.594,0.9604,,,0.668,,
617,2020-12-31,79.45,0.7702,0.6269,836.71,1.0665,5.0298,0.5657,21.63,1.0189,10821,5.9707,3.0897,0.5347,63.4,56.31,23.07,17779,2.8286,2.7025,0.9818,,,0.6795,,
618,2021-01-29,79.9,0.7645,0.6318,855.25,1.0682,4.9405,0.5577,21.44,1.0176,10744,5.927,3.0993,0.5314,63,55.79,22.92,17619,2.8076,2.6825,0.9836,,,0.6803,,
619,2021-02-26,83.1,0.7829,0.6441,878.53,1.066,5.0665,0.5609,21.8,1.04,11156,6.0718,3.1711,0.5412,64.5,57.2,23.76,18020,2.8752,2.747,0.9879,,,0.7093,,
620,2021-03-31,84.28,0.7602,0.6493,860.62,1.0893,4.9895,0.5538,21.67,1.0245,11075,5.9106,3.1594,0.5365,63.9,55.91,23.86,17542,2.7918,2.6674,0.9594,,,0.7177,,
621,2021-04-30,84.63,0.7776,0.6417,864.98,1.0733,5.0314,0.5579,21.72,1.032,11240,6.0376,3.1924,0.5408,64.4,57.57,24.27,17926,2.8557,2.7284,0.9547,,,0.7068,,
622,2021-05-31,84.77,0.7725,0.6335,858.71,1.0648,4.9214,0.5444,21.34,1.0223,11038,5.9954,3.1958,0.5347,63.5,55.96,24.15,17805,2.837,2.7105,0.9331,,,0.6949,,
623,2021-06-30,83.07,0.7518,0.632,847.52,1.0745,4.8553,0.5429,20.96,1.0109,10927,5.8382,3.1218,0.5269,62.7,55.92,24.09,17308,2.761,2.6379,0.9318,,,0.693,,
624,2021-07-30,80.86,0.7381,0.6213,848.8,1.0555,4.771,0.5295,20.64,0.9992,10675,5.7385,3.1236,0.517,61.6,54.91,24.28,16943,2.7107,2.5898,0.9192,,,0.6697,,
625,2021-08-31,80.55,0.7335,0.6201,850.35,1.039,4.7417,0.5316,20.33,0.9852,10473,5.7093,3.0478,0.5156,61.2,53.66,23.7,16711,2.6938,2.5737,0.9227,,,0.6709,,
626,2021-09-30,80.6,0.7206,0.6215,854.57,1.0486,4.6616,0.5361,20.08,0.9814,10318,5.6115,3.0182,0.5098,60.8,53.54,24.47,16402,2.6464,2.5284,0.9178,,,0.6729,,
627,2021-10-29,85.75,0.7546,0.6469,883.06,1.051,4.8226,0.5472,20.99,1.0147,10691,5.8675,3.1274,0.5339,63.1,56.44,25.06,17169,2.7713,2.6477,0.9322,,,0.6884,,
628,2021-11-30,81.15,0.7144,0.6323,847.67,1.0464,4.5519,0.5363,19.84,0.9779,10227,5.572,3.018,0.511,60.2,53.51,24.1,16238,2.6236,2.5067,0.9104,,,0.6592,,
629,2021-12-31,83.52,0.7256,0.6411,862.67,1.0628,4.625,0.5376,20.08,0.9799,10359,5.6584,3.0301,0.5184,61.1,53.9,24.24,16536,2.6648,2.546,0.9245,,,0.6632,,
630,2022-01-31,80.97,0.7011,0.6281,845.46,1.0683,4.4598,0.5226,19.5,0.9507,10094,5.4672,2.9369,0.5041,59.3,52.56,23.45,15889,2.5748,2.46,0.893,,,0.6529,,
631,2022-02-28,83.01,0.7182,0.6444,866.16,1.0747,4.5329,0.5382,20.12,0.9765,10318,5.6104,3.0182,0.5151,60.6,54.33,23.51,16389,2.6376,2.5289,0.9198,,,0.6653,,
632,2022-03-31,91.45,0.7482,0.6704,905.91,1.0759,4.7506,0.5704,21.41,1.0127,10743,5.858,3.1458,0.5409,63.6,56.66,24.97,17085,2.7478,2.6345,0.9367,,,0.692,,
633,2022-04-29,93.21,0.7148,0.6782,900.93,1.0973,4.7308,0.571,21.04,0.9879,10362,5.6091,3.1105,0.5335,63.1,54.68,24.54,16415,2.6251,2.5169,0.9115,,,0.6939,,
634,2022-05-31,91.91,0.7187,0.6688,890.33,1.0996,4.7873,0.5699,20.81,0.9847,10488,5.6406,3.145,0.5327,63.2,55.82,24.58,16663,2.6394,2.5306,0.9104,,,0.69,,
635,2022-06-30,93.95,0.6889,0.6589,895.12,1.1088,4.6122,0.5671,20.49,0.9584,10253,5.4058,3.0353,0.5169,61.8,54.37,24.32,16041,2.53,2.4257,0.8885,,,0.6573,,
636,2022-07-29,93.19,0.7007,0.6862,911.25,1.1098,4.7252,0.5746,20.98,0.966,10405,5.5004,3.1171,0.532,63.1,55.66,25.79,16368,2.5733,,0.8975,,,0.6668,,
637,2022-08-31,95.55,0.6902,0.6875,924.63,1.1219,4.7571,0.5905,20.94,0.9627,10245,5.4162,3.0893,0.5292,63.3,54.84,25.12,16189,2.5348,,0.9019,,,0.6715,,
638,2022-09-30,93.95,0.6502,0.6618,929.66,1.1363,4.608,0.5835,20.61,0.9307,9903,5.1039,3.0156,0.5096,61.5,53.02,24.56,15520,2.3879,,0.8908,,,0.6341,,
639,2022-10-31,94.99,0.642,0.6446,913.26,1.1025,4.6649,0.5535,20.71,0.9062,10013,5.0394,3.0351,0.4995,61.3,52.91,24.38,15954,2.3577,,0.8741,,,0.6399,,
640,2022-11-30,92.81,0.6698,0.6468,883.16,1.0765,4.7835,0.5588,20.65,0.9184,10541,5.2297,2.9977,0.5097,62.1,54.66,23.67,16511,2.4598,,0.9091,,,0.6377,,
641,2022-12-30,89.88,0.6775,0.6359,857.38,1.0711,4.7141,0.5625,20.86,0.9102,10555,5.2829,2.9898,0.5091,61.4,56.06,23.4,15972,2.4881,,0.9181,,,0.6256,,
642,2023-01-31,91.69,0.7037,0.6488,866.47,1.0912,4.7547,0.5702,21.15,0.9249,10542,5.5145,2.9907,0.5206,62.4,57.49,23.05,16500,2.5843,,0.9436,,,0.6509,,
643,2023-02-28,91.68,0.673,0.6354,890.12,1.0932,4.669,0.5586,20.51,0.9076,10257,5.2816,3.0183,0.5074,61.4,55.66,23.63,16004,2.4716,,,,,0.6303,,37.16
644,2023-03-31,89.1,0.6712,0.6156,869.3,1.0683,4.6051,0.5415,20.44,0.8908,10051,5.2688,2.9597,0.4988,60.3,55.18,22.9,15748,2.465,,,,,0.6135,,36.45
645,2023-04-28,89.22,0.661,0.6002,884.79,1.0764,4.5709,0.5301,20.33,0.8828,9676,5.1888,2.9467,0.4892,59.8,54.02,22.58,15507,2.4275,,,,,0.5915,,36.7
646,2023-05-31,90.56,0.6495,0.6072,858.99,1.0814,4.6096,0.5239,19.95,0.879,9736,5.0876,2.9994,0.488,59.8,53.68,22.52,15257,2.3853,,,,,0.5897,,36.48
647,2023-06-30,95.92,0.663,0.6099,874.21,1.0883,4.8079,0.525,20.63,0.8986,9940,5.1951,3.1022,0.4971,61.7,54.4,23.62,15636,2.4349,,,,,0.5957,,36.67
648,2023-07-31,94.75,0.6682,0.6066,850.46,1.0784,4.777,0.5198,20.99,0.8896,10086,5.2123,3.0276,0.4975,61.3,54.96,22.88,15823,2.454,,,,,0.5822,,36.64
649,2023-08-31,94.63,0.6485,0.594,857.8,1.0885,4.7267,0.5099,20.67,0.8755,9880,5.0881,3.0081,0.4875,60.6,53.6,22.65,15603,2.3816,,,,,0.5696,,36.74
650,2023-09-29,96.33,0.6458,0.6106,871.44,1.0763,4.713,0.5284,20.85,0.8814,10008,5.0542,3.0275,0.4925,61.1,53.66,23.65,15710,2.3717,,,,,0.59,,36.57
651,2023-10-31,95.29,0.6346,0.599,858.04,1.0893,4.6436,0.5227,20.57,0.8678,10095,4.9656,3.0231,0.4838,60.2,52.84,22.92,15589,2.3306,,,,,0.5727,,36.06
652,2023-11-30,97.77,0.6648,0.6061,858.54,1.0761,4.7378,0.5234,20.78,0.8856,10300,5.1919,3.094,0.4974,61.5,55.4,23.22,16131,2.4415,,,,,0.5803,,36.87
653,2023-12-29,96.77,0.684,0.6181,881.06,1.0768,4.8544,0.5366,21,0.9014,10572,5.3448,3.1416,0.5098,62.6,56.88,23.35,16604,2.512,,0.9048,,,,,37.93
654,2024-01-31,97.05,0.6574,0.6075,877.5,1.0745,4.7211,0.5184,20.55,0.8814,10374,5.1392,3.1098,0.4942,61.4,54.64,23.32,16057,2.4143,,0.8821,,,,,37.05
655,2024-02-29,97.67,0.6519,0.6017,869.5,1.068,4.6907,0.5146,20.65,0.8767,10251,5.1024,3.105,0.4915,61.1,54.04,23.42,16065,2.3941,,0.8847,,,,,36.6
656,2024-03-28,98.87,0.6532,0.6035,878.01,1.0901,4.7193,0.5171,20.88,0.8801,10369,5.1112,3.0926,0.493,61.5,54.46,23.8,16206,2.3989,,0.8868,,,,,36.72
657,2024-04-30,102.33,0.6525,0.6098,901.27,1.0992,4.7264,0.5205,21.26,0.8886,10621,5.1057,3.1118,0.4951,62.2,54.49,24.18,16534,2.3963,,0.8935,,,,,37.59
658,2024-05-31,104.08,0.6637,0.6134,918.79,1.0831,4.8068,0.5218,21.59,0.8967,10784,5.189,3.124,0.5018,63.1,55.29,24.4,16896,2.4374,,0.9071,,,,,38.85
659,2024-06-28,106.61,0.6624,0.6196,913.44,1.0927,4.8143,0.5244,21.5,0.8997,10863,5.1711,3.1272,0.5038,63.3,55.29,24.42,16855,2.4327,,0.9094,,,,,38.87
660,2024-07-31,99.23,0.6491,0.5996,894.68,1.0989,4.6958,0.5053,21.28,0.8711,10571,5.0711,2.9911,0.4897,61.4,54.35,23.2,16407,2.3838,,0.8985,,,,,37.96
661,2024-08-30,98.59,0.6806,0.6144,908.23,1.0872,4.8261,0.5168,21.76,0.8869,10522,5.3053,2.9375,0.5049,62.6,57.07,23.16,16933,2.4995,,0.9179,,,,,38.22
662,2024-09-30,98.22,0.6932,0.6208,904.42,1.0887,4.8613,0.5177,21.91,0.8871,10483,5.3861,2.8456,0.5116,62.8,58.07,22.34,17033,2.5458,,0.9362,,,,,38.81
663,2024-10-31,100.45,0.6569,0.6055,905.54,1.0996,4.6774,0.5073,21.04,0.8688,10315,5.1052,2.8759,0.4941,61.5,55.23,22.16,16616,2.4125,,0.9144,,,,,38.22
664,2024-11-29,97.75,0.6517,0.6166,908.56,1.1021,4.7132,0.5127,21.19,0.8731,10333,5.0726,2.8932,0.496,61.5,55.07,22.33,16519,2.3934,,0.9116,,,,,38.17
665,2024-12-31,97.14,0.6217,0.5974,915.11,1.1045,4.5373,0.4956,20.4,0.8456,10031,4.8261,2.7787,0.4767,59.7,53.21,21.2,15855,2.2832,,0.8922,,,,,35.96
666,2025-01-31,96.14,0.6225,0.5992,905.71,1.1029,4.5098,0.5012,20.35,0.8434,10149,4.8505,2.7574,0.4769,59.6,53.94,20.97,15613,2.2861,,0.9014,,,0.5665,,36.32
667,2025-02-28,92.97,0.6214,0.5982,907.39,1.1096,4.5278,0.4938,20.4,0.8382,10300,4.8336,2.7739,0.4732,59.5,54.31,21.23,15882,2.2821,,0.8978,,,0.5588,,36.02
668,2025-03-31,93.62,0.628,0.5796,923.63,1.1004,4.5548,0.4847,20.86,0.8421,10400,4.885,2.7873,0.4738,59.6,53.67,21.31,16049,2.3063,,0.899,,,0.5521,,35.98
669,2025-04-30,91.43,0.6416,0.5637,911.63,1.0794,4.6613,0.4788,20.52,0.8375,10686,4.9768,2.7659,0.4728,59.9,54.58,21.38,16680,2.3563,,0.8871,,,0.5283,,35.83
670,2025-05-30,92.57,0.6436,0.567,887.78,1.0764,4.6259,0.4775,19.26,0.8295,10484,5.0463,2.7314,0.4751,59.6,54.95,21.03,16732,2.3636,,0.889,,,0.5296,,35.8
671,2025-06-30,94.26,0.655,0.5586,883.89,1.0768,4.6921,0.4771,19.07,0.8341,10629,5.1416,2.7602,0.4769,60.1,55.99,21.29,17087,2.4055,,0.8947,,,0.5228,,36.88
672,2025-07-31,96.25,0.6469,0.5656,899.32,1.0911,4.6532,0.4877,19.36,0.8376,10651,5.078,2.7509,0.4752,60.3,56.66,21.17,16955,2.3757,,0.894,,,0.5257,,37.78
