Month,Special Category Visa (subclass 444)(e),Permanent Family Visas,Permanent Skilled Visas,Permanent Other Visas,Permanent Visas - Total,Temporary Student Visas - Higher Educ.,Temporary Student Visas - Vocational Educ. & Training,Temporary Student Visas - Schools,Temporary Student Visas - Independent ELICOS(f),Temporary Student Visas - Postgraduate Research,Temporary Student Visas - Other Students,Temporary Student Visas - Total,Temporary Skilled Visas,Temporary Visitor Visas,Temporary Work Visas,Temporary Other Visas,Temporary visas - Total,Other Visas(g),Total(h)
2004-07-01,53900,1530,2800,3440,7770,3730,580,1980,670,1520,1430,9920,1120,93950,1390,1300,107670,1170,235820
2004-08-01,47280,1450,2170,2230,5850,690,320,170,360,360,320,2230,920,87490,1470,1370,93480,800,197120
2004-09-01,52020,1670,2200,2650,6520,650,260,120,650,370,230,2270,700,76090,2060,1230,82350,800,202150
2004-10-01,44340,1700,2190,2920,6810,670,230,570,720,260,270,2720,1020,87780,1930,1540,95000,3190,216270
2004-11-01,34820,1360,1930,2370,5660,580,100,50,390,250,240,1610,860,96900,1700,1610,102680,1630,193910
2004-12-01,37460,1610,2080,2600,6280,550,150,90,310,200,370,1670,710,109310,1120,1350,114160,1350,212750
2005-01-01,35370,2400,4220,4070,10690,2590,720,2680,880,620,890,8380,1840,84900,2040,2060,99220,680,225620
2005-02-01,25730,1730,2280,2410,6420,7440,580,460,590,940,1950,11960,850,90410,1610,1550,106380,960,184750
2005-03-01,37360,1530,2440,2460,6430,1510,220,50,900,340,200,3230,1100,89730,2180,1600,97840,940,198040
2005-04-01,45990,1460,2190,2680,6330,490,210,500,610,80,520,2410,1150,69170,2260,1610,76600,650,182840
2005-05-01,40350,1190,1750,2790,5730,820,180,40,470,170,120,1800,970,67120,1860,1390,73140,740,168720
2005-06-01,46240,1380,2320,2570,6270,690,200,260,420,140,370,2080,1170,77330,1940,1760,84280,2120,195590
2005-07-01,60570,1880,3030,3430,8340,5440,650,1920,800,410,1530,10750,1430,97220,1580,1700,112690,1150,252250
2005-08-01,53860,1660,2270,2470,6400,820,140,140,550,240,270,2160,1250,90700,1420,1610,97140,630,213670
2005-09-01,55220,1740,2550,2680,6970,850,250,570,840,140,540,3190,1360,76140,2460,1520,84670,770,224640
2005-10-01,47640,1860,2400,2910,7170,1100,290,140,630,100,190,2450,1450,85800,2290,1430,93420,1340,214530
2005-11-01,32650,1440,2020,2050,5520,730,180,40,350,80,240,1620,1110,91440,2270,1540,97980,2490,189830
2005-12-01,41140,1760,2480,1990,6230,750,180,150,480,110,340,2020,1200,104420,1440,1350,110430,1100,217860
2006-01-01,37350,2460,4540,4240,11240,3000,700,2270,850,300,990,8110,3100,85890,1790,2080,100960,690,234850
2006-02-01,27140,2030,2760,2470,7270,8840,740,740,710,330,2120,13500,1580,81810,2170,1530,100590,630,186350
2006-03-01,34820,1550,2150,2350,6050,1740,270,90,830,120,110,3160,1610,85430,2260,1510,93970,590,188740
2006-04-01,44000,1650,2860,2590,7100,710,290,610,810,70,710,3210,1880,72980,2380,1470,81920,680,195650
2006-05-01,38110,1730,2200,2190,6130,820,210,140,570,90,310,2140,1450,65720,2350,1330,72990,640,170720
2006-06-01,46470,1610,2480,2820,6910,810,250,90,660,130,390,2330,1380,80350,2490,1490,88030,680,197930
2006-07-01,58230,2130,3050,3530,8710,5760,580,1860,760,200,1530,10680,2090,91270,2050,2080,108180,1270,252670
2006-08-01,49070,1650,2220,3120,6990,990,300,140,820,140,300,2690,1870,85000,1940,1630,93140,770,209830
2006-09-01,58700,1900,2670,2690,7260,860,270,170,1000,90,360,2760,1850,79670,3330,1430,89040,630,224300
2006-10-01,46660,1700,2830,3300,7830,1020,310,580,720,150,310,3080,2060,84780,2750,1640,94320,1060,232280
2006-11-01,35210,1720,2560,2560,6840,950,240,120,430,140,300,2180,1690,92850,2530,1670,100920,1380,200490
2006-12-01,39490,1830,2370,2150,6340,710,220,160,630,90,290,2090,1800,106610,1840,1430,113770,850,221710
2007-01-01,41410,2860,4960,3510,11330,3720,1010,2690,980,330,890,9630,4370,73320,2240,2240,91810,530,237880
2007-02-01,27580,1760,2830,2370,6960,8450,650,580,730,250,1930,12580,1630,85200,2490,1730,103630,850,192560
2007-03-01,35020,1920,2780,2760,7460,2410,350,80,990,180,160,4180,1930,87860,3080,1720,98770,860,204510
2007-04-01,45840,1820,3010,2770,7600,770,330,580,890,60,420,3050,2130,67830,2680,1900,77600,1110,198840
2007-05-01,44800,2020,2480,2930,7430,830,230,50,620,190,160,2070,1940,58970,2700,1640,67330,830,183390
2007-06-01,52180,1660,2830,2900,7390,950,480,160,630,120,390,2720,2360,72660,2940,1950,82630,1830,209470
2007-07-01,56280,1930,3360,3200,8490,6780,930,2390,700,230,1800,12830,2740,85560,2370,1940,105440,1580,254530
2007-08-01,51390,1870,2630,2630,7120,1460,450,150,690,190,330,3270,2190,84930,2550,1640,94590,700,217320
2007-09-01,58130,2030,3090,2650,7780,1140,430,180,970,200,290,3210,2260,75590,3760,1650,86470,1000,230000
2007-10-01,49940,1840,3020,3070,7930,1600,610,600,470,90,300,3660,2560,82910,3010,2450,94590,1600,247800
2007-11-01,40080,1740,2690,2400,6830,1250,370,70,490,90,350,2610,2340,87130,3360,1770,97210,1080,212610
2007-12-01,41610,1790,2800,2560,7150,1140,330,150,450,170,380,2630,2110,101380,2000,1730,109850,680,227080
2008-01-01,40670,3100,6180,4020,13310,4440,1490,2710,850,380,920,10790,5140,66800,2470,2870,88070,890,248970
2008-02-01,33440,2170,3350,2160,7670,9900,970,610,740,360,1850,14430,2340,85590,3500,1840,107690,940,213630
2008-03-01,39250,2150,3280,2770,8210,3490,640,130,1110,190,260,5820,2200,81670,3590,1590,94870,780,212920
2008-04-01,45760,2360,3200,2960,8530,950,540,650,800,110,210,3260,2850,61950,3310,2100,73480,680,201000
2008-05-01,47860,1830,3220,2720,7770,1490,520,50,540,170,180,2960,2740,62740,3230,1540,73210,610,196720
2008-06-01,49390,1940,3060,2520,7520,1620,710,130,770,180,190,3600,3080,64670,3690,1780,76820,880,206650
2008-07-01,55340,2200,3930,3320,9460,7160,1190,2430,800,290,1980,13860,3120,82330,2800,2070,104160,1320,258920
2008-08-01,51180,2120,3620,2970,8710,1880,540,130,780,260,510,4090,3150,76480,3580,2080,89390,840,226660
2008-09-01,53970,2170,3550,3180,8910,1240,720,200,870,200,230,3470,2980,63600,4770,2020,76840,1210,222990
2008-10-01,53140,2340,3900,3510,9760,2320,900,660,650,270,390,5180,4020,78080,4420,2520,94220,2580,256040
2008-11-01,39290,1840,3730,2290,7850,1990,750,90,650,170,240,3900,2900,78480,4010,1960,91250,990,210460
2008-12-01,42060,1990,2940,2100,7020,1340,710,110,590,190,400,3350,2220,92780,2650,1530,102530,1200,224960
2009-01-01,43210,3520,6600,4110,14230,4080,1990,2620,1190,410,940,11220,6610,66610,3540,2580,90560,640,253370
2009-02-01,30790,2480,4050,2590,9120,10980,1790,780,850,390,1760,16540,2740,68710,4110,2400,94490,1100,196730
2009-03-01,38890,2000,3140,2570,7700,3780,1190,70,1210,280,380,6900,2590,71310,5290,1580,87670,1080,204620
2009-04-01,46960,2360,3120,2880,8350,1150,1750,670,860,160,730,5320,2840,64450,4300,1960,78870,1230,207410
2009-05-01,45950,2270,3500,2500,8270,1480,1520,30,820,270,190,4310,2320,56830,4180,1940,69580,900,194540
2009-06-01,45810,2230,3040,2690,7970,1500,1570,80,730,230,490,4600,2710,55790,4140,2000,69250,1330,193020
2009-07-01,54780,2580,4650,3630,10860,8730,2750,2620,950,460,1880,17400,3410,66010,3430,2500,92740,2120,254220
2009-08-01,51380,2220,3160,3360,8740,2350,1060,190,910,300,310,5120,2470,67510,3620,2070,80780,1070,222600
2009-09-01,55820,2510,3520,3750,9790,1460,870,190,980,220,400,4130,2540,66360,5560,2320,80910,1060,238110
2009-10-01,52070,2700,4160,3390,10250,2560,1230,720,680,360,360,5900,3260,77820,4780,2900,94660,2690,261340
2009-11-01,39690,2730,3760,2710,9200,1590,750,50,490,240,440,3560,2540,78920,4220,2300,91540,1320,221530
2009-12-01,40850,2220,3010,2990,8220,1530,580,200,460,230,520,3520,1820,93960,2720,1900,103920,910,234920
2010-01-01,42900,4010,7360,4140,15510,4690,1900,2810,990,590,1030,12010,5910,60010,3020,2800,83760,690,258330
2010-02-01,32080,2080,3720,2830,8620,12870,1500,600,790,430,1740,17930,1990,80440,3500,2270,106130,910,216340
2010-03-01,39440,2300,3090,3100,8480,4290,870,100,770,310,180,6510,2140,77140,4340,2100,92240,870,219880
2010-04-01,44840,2260,3860,3170,9290,1320,730,650,540,250,470,3950,2620,60210,3350,2070,72210,460,209670
2010-05-01,39570,2460,2960,2600,8010,1420,460,70,630,190,190,2960,2620,56210,3660,1660,67110,540,193210
2010-06-01,49550,2190,3620,3110,8930,1480,560,120,590,260,370,3390,2740,63060,3580,1900,74670,890,215660
2010-07-01,58930,2660,4640,3860,11170,8730,1220,3020,630,290,2010,15890,2900,81300,3300,2230,105630,970,286320
2010-08-01,52280,2760,3590,3780,10130,2120,440,70,700,330,290,3950,2610,75980,3560,2040,88150,590,237680
2010-09-01,54250,2550,3590,4050,10190,1880,630,220,970,300,430,4430,2440,71310,4970,3470,86620,1030,251330
2010-10-01,54330,2790,3280,4420,10500,1810,910,670,580,260,240,4460,3020,71070,4560,3620,86730,1390,263480
2010-11-01,40430,2100,3330,3180,8610,1350,630,60,390,270,180,2890,2530,84120,3740,3570,96840,780,227570
2010-12-01,43630,2350,3330,3260,8950,1700,580,190,440,240,310,3460,2140,97460,2720,2060,107850,1060,248980
2011-01-01,46600,3510,7820,5000,16340,4370,1820,2500,800,560,940,10990,6210,56750,3070,3130,80140,630,271870
2011-02-01,31810,2720,3910,2700,9330,13400,1520,600,690,550,1700,18460,2710,69660,3490,3310,97630,870,213690
2011-03-01,40120,2160,3070,2870,8100,3870,940,70,570,300,120,5870,2510,60660,3980,2470,75490,930,202720
2011-04-01,49090,2360,3830,2970,9170,760,710,680,470,270,390,3280,2820,57070,3230,2120,68520,730,214530
2011-05-01,48520,2690,3900,3100,9690,1980,720,70,510,300,530,4110,3150,51080,3520,2230,64080,530,212890
2011-06-01,46110,2400,3720,3370,9480,1270,730,80,470,220,380,3140,3020,56470,3690,1990,68320,720,210500
2011-07-01,61420,2940,4790,4360,12090,8960,1150,2240,760,480,1520,15120,4500,77000,2810,2840,102270,2310,297860
2011-08-01,58380,2840,4130,3520,10490,1690,680,50,640,300,250,3610,3240,71200,4010,2130,84190,590,245480
2011-09-01,45850,2780,4360,4100,11240,1520,710,240,900,390,170,3930,3640,61490,5730,3690,78470,1420,247660
2011-10-01,57440,2870,4540,4260,11670,1690,820,620,530,230,180,4070,3940,69000,5140,2760,84920,2060,275050
2011-11-01,43720,2620,3990,3650,10260,1380,650,40,370,320,210,2970,3060,73680,3990,3010,86700,1030,229680
2011-12-01,46490,2850,4550,3010,10410,1550,570,120,460,270,320,3280,2950,92360,2800,2360,103760,970,254540
2012-01-01,49230,3640,9720,5380,18740,4080,1890,2110,930,620,890,10510,7700,66890,3410,3830,92340,530,290890
2012-02-01,35350,2810,4480,3500,10790,13220,1820,540,930,550,1830,18890,3230,65650,4450,3540,95750,800,221790
2012-03-01,41800,2810,4450,3560,10820,2850,950,50,640,330,130,4950,3470,75170,5210,2690,91500,700,231250
2012-04-01,52660,2720,5070,4090,11880,1320,730,680,540,310,370,3940,4470,58500,4220,2620,73750,740,234250
2012-05-01,44530,2780,3980,3090,9840,1180,600,40,470,290,200,2770,3900,53990,4440,2490,67590,860,209560
2012-06-01,53340,2740,4180,4080,11000,1390,670,160,450,340,470,3480,4190,64370,4910,2770,79730,980,238430
2012-07-01,60630,2940,5760,5030,13730,8930,870,2040,620,540,1440,14420,5330,76410,3720,2760,102650,1230,300270
2012-08-01,53770,2440,4230,3450,10110,1770,720,110,690,360,350,4000,4790,82730,4720,2630,98870,1010,252890
2012-09-01,54710,3110,4510,3990,11610,2220,730,190,870,570,430,5000,5720,73710,7260,3190,94890,1960,267890
2012-10-01,60670,2840,4880,5100,12820,1710,660,610,480,540,220,4220,4660,72880,6000,3310,91060,1830,296300
2012-11-01,41860,2670,4210,3640,10520,1470,480,30,570,290,210,3050,3790,86790,5460,2760,101850,690,242440
2012-12-01,47100,2880,4400,3660,10930,1580,510,140,470,290,410,3390,3340,102170,3150,2480,114520,320,268010
2013-01-01,48170,4380,8940,6390,19720,4150,1630,2050,1060,700,1180,10770,9130,58370,4540,4010,86820,290,293940
2013-02-01,33210,2970,4640,3530,11140,13020,1000,460,660,620,2040,17790,4040,83910,4530,3610,113890,440,237190
2013-03-01,42810,2770,4090,4030,10890,3220,810,60,740,440,170,5450,4370,81480,6310,3130,100740,590,251250
2013-04-01,48910,3080,5180,4430,12690,1320,660,650,620,450,790,4490,5350,55200,5230,2920,73190,460,242230
2013-05-01,43140,2870,3710,4120,10700,1240,480,70,550,240,150,2720,3890,55570,4940,2850,69960,180,214910
2013-06-01,45560,3310,4160,4090,11560,1960,660,110,660,390,470,4240,4350,72040,5110,2440,88190,250,245060
2013-07-01,57860,3420,5550,5520,14490,9940,860,1990,670,490,2340,16300,6590,79500,4110,4190,110700,1740,315570
2013-08-01,54330,3460,4030,4340,11840,1660,710,80,890,570,520,4440,4690,83120,5020,2850,100110,330,270380
2013-09-01,54040,3110,3950,4640,11710,1790,650,80,910,430,430,4280,4500,67780,7120,2820,86500,520,266170
2013-10-01,59080,3170,4680,6010,13870,2690,750,660,650,440,540,5730,4900,70870,6770,5450,93720,790,307250
2013-11-01,43140,3040,3890,4300,11230,1670,550,90,590,320,430,3640,3430,78310,4750,2950,93080,500,247370
2013-12-01,47100,3060,3850,3790,10700,1710,480,140,300,290,520,3440,3150,103090,3390,2720,115800,220,272070
2014-01-01,50120,5280,10060,7290,22630,4240,1200,1860,980,820,870,9960,9350,65990,4330,3940,93570,160,318950
2014-02-01,36210,3010,5440,4170,12620,13350,920,540,700,650,2290,18460,3750,76220,4890,3510,106830,180,237550
2014-03-01,42300,2840,3940,3980,10760,4360,770,110,880,370,250,6730,3650,77500,4980,2820,95690,230,241400
2014-04-01,50240,3250,4980,4500,12730,1430,680,570,450,310,600,4040,4720,61990,3950,3010,77710,210,254530
2014-05-01,46340,2760,4160,4580,11500,1850,550,30,610,350,230,3630,3440,57430,4190,2840,71530,300,225570
2014-06-01,48230,2770,3780,4670,11220,2320,780,70,590,390,520,4670,3460,62460,4400,2370,77360,270,234330
2014-07-01,61740,3170,5040,5750,13960,9090,850,2170,580,510,2310,15530,5000,84000,3860,2840,111220,450,323230
2014-08-01,55620,2980,4210,4660,11840,2870,800,120,960,500,500,5750,4270,87160,5150,2970,105300,450,281410
2014-09-01,56940,2850,3830,4700,11380,1960,640,160,880,530,320,4490,4030,67530,6170,4170,86390,710,271930
2014-10-01,60880,3370,4440,6270,14080,2790,890,780,680,370,820,6340,4040,76360,5330,4830,96910,1430,307900
2014-11-01,42610,3020,3740,4190,10960,1350,590,50,640,350,360,3330,3180,81340,4790,3840,96480,440,250260
2014-12-01,48000,2560,3840,4610,11010,1870,660,110,480,330,700,4150,2670,107590,3220,2590,120220,170,279240
2015-01-01,48740,5310,9390,8010,22710,4490,1480,2300,910,910,1080,11170,6980,62410,4060,4360,88990,220,321680
2015-02-01,34210,2910,4510,4080,11510,11610,800,380,670,460,2420,16340,3000,94850,3590,3180,120970,190,257380
2015-03-01,45050,3070,4800,4620,12500,5410,1110,40,930,440,320,8260,3420,82030,5460,3510,102680,320,262130
2015-04-01,51620,3070,5660,5710,14440,1500,820,830,790,440,640,5030,3820,63110,4290,3370,79630,440,255420
2015-05-01,47300,3090,4150,4530,11780,1620,980,50,540,350,320,3860,3330,61280,4380,3410,76260,330,239720
2015-06-01,49930,3200,4270,4620,12090,1660,980,100,580,380,550,4260,3400,66130,4330,2880,81010,730,245160
2015-07-01,66360,3110,4830,6140,14080,9840,1220,2710,690,750,2720,17940,4350,90710,4330,3800,121120,1180,331510
2015-08-01,54700,3010,4270,4910,12190,2430,840,170,840,470,380,5130,3250,87800,4760,2850,103800,320,277390
2015-09-01,58920,2890,4060,5240,12190,1860,1020,160,1010,390,690,5130,3240,79100,6800,3840,98110,510,293870
2015-10-01,61640,3270,4260,6340,13870,2550,1070,840,820,370,730,6390,3570,82990,5980,4240,103170,1100,324440
2015-11-01,45520,2900,4090,4790,11790,1860,900,60,580,430,670,4490,2900,93130,4280,3800,108610,720,272080
2015-12-01,51160,2780,3630,5150,11560,2040,720,150,550,360,720,4530,2270,118270,3070,2940,131080,190,309530
2016-01-01,51690,4860,9160,8490,22510,4510,1820,2810,850,960,910,11860,5390,77240,4110,4270,102870,230,347800
2016-02-01,34990,3220,4940,4710,12860,14770,1210,350,720,730,2240,20010,2690,101790,4550,3400,132430,160,282530
2016-03-01,45090,3320,4380,4650,12340,4010,1010,50,820,430,210,6530,2740,103220,4510,3580,120580,310,282800
2016-04-01,53950,3630,4780,5480,13890,1450,1030,900,820,480,860,5540,2840,75600,4220,3410,91600,220,279120
2016-05-01,49730,3050,3920,5270,12240,1930,890,30,640,300,370,4150,2750,71740,4330,3490,86460,300,257200
2016-06-01,51410,3180,4100,5660,12940,2160,1160,100,790,340,370,4930,2620,78150,4340,3100,93130,480,263480
2016-07-01,67640,3020,5050,6620,14690,10630,1200,2760,590,610,1980,17760,3080,102250,3920,3800,130810,500,358310
2016-08-01,56950,3240,4190,4870,12300,2300,1000,160,1000,390,320,5170,2840,100360,4540,3230,116150,220,300580
2016-09-01,65350,2950,4340,6050,13330,2070,1440,420,1220,460,540,6140,3210,90490,6070,3690,109600,1310,322470
2016-10-01,64760,3570,4560,6950,15080,3240,1350,910,930,420,780,7640,3900,98600,5440,3790,119360,1880,347970
2016-11-01,47030,3080,3530,5400,12010,1760,1010,60,850,340,320,4330,2390,97080,4820,3070,111690,220,279540
2016-12-01,54280,2740,4210,5310,12260,2050,950,180,520,370,760,4830,1760,125800,2950,3020,138370,220,326710
2017-01-01,53800,4600,9690,8930,23220,4590,2120,3050,1220,730,820,12540,4620,86460,3640,4060,111320,290,355850
2017-02-01,39110,3480,5170,5160,13820,16330,1710,470,820,700,2220,22250,2590,90250,4610,4050,123760,230,282610
2017-03-01,45320,3140,4320,5060,12530,3620,1280,30,1190,370,370,6870,2150,103680,4930,3410,121050,490,288270
2017-04-01,56050,3470,5720,7050,16230,2100,1400,1040,1150,430,910,7030,2930,85300,3930,3700,102890,760,305350
2017-05-01,50930,3360,4120,5490,12970,1810,1170,70,650,380,250,4320,2410,75540,4180,3590,90050,180,268690
2017-06-01,51620,3420,4360,5790,13570,2760,1370,160,870,380,670,6210,2870,81980,4500,3790,99350,420,283020
2017-07-01,71980,3330,5630,7050,16010,12600,1540,3070,920,580,1620,20330,2820,104950,3820,3690,135610,3930,379550
2017-08-01,59670,3010,4260,6300,13570,2480,1250,220,1130,400,360,5840,2370,107590,4960,3330,124090,860,322590
2017-09-01,61230,3230,5100,6880,15210,2120,1280,320,1130,380,570,5790,2380,90290,6490,4470,109420,1340,343590
2017-10-01,69890,3230,5300,7380,15920,3350,1370,800,1030,420,470,7440,2270,97530,5590,4190,117020,420,356700
2017-11-01,47310,3190,4230,6180,13600,2780,1210,60,940,230,660,5890,2040,103580,4810,3940,120260,430,302910
2017-12-01,54490,3210,4890,5820,13920,2790,1040,240,640,440,520,5670,1940,134380,3090,3390,148470,320,346930
2018-01-01,56670,5120,9730,10090,24940,6510,2450,3600,1090,830,1130,15620,4450,85880,4590,6000,116540,260,389630
2018-02-01,37730,3230,4460,5930,13610,17070,1620,500,890,560,1960,22590,1920,117530,4170,4290,150510,320,311370
2018-03-01,48000,3570,4140,5950,13660,3760,1550,40,1160,470,220,7200,2190,116540,4900,9290,140120,320,324060
2018-04-01,53980,3680,5770,7910,17360,3970,1650,1260,1010,490,1580,9960,2640,82530,4550,7550,107240,420,318810
2018-05-01,51410,3020,4490,5920,13440,1970,1560,70,780,330,260,4980,2320,82150,4920,4200,98570,300,287950
2018-06-01,54560,2960,4380,6880,14220,3670,1510,90,850,420,500,7040,1990,95270,4890,4210,113400,270,309990
2018-07-01,71190,3370,5860,7780,17000,14900,1810,3120,790,680,1850,23150,2330,118140,3790,4220,151630,470,408700
2018-08-01,66810,3180,4490,7080,14750,2750,1360,170,1160,390,530,6360,2230,121020,5160,4100,138870,150,359060
2018-09-01,65810,3450,4870,6920,15230,2510,1560,160,1220,540,510,6510,2520,96950,5820,4800,116590,880,349420
2018-10-01,68050,3430,5520,8820,17780,3620,1740,1290,1050,540,450,8680,2350,97360,5560,4300,118250,1430,381890
2018-11-01,46970,2990,4090,6350,13440,2850,1380,90,870,380,370,5930,2090,103180,4720,4160,120070,600,305560
2018-12-01,53680,3150,4540,6760,14450,3000,1270,140,480,380,490,5760,1930,142300,3020,3960,156960,390,366920
2019-01-01,57860,5840,9850,12830,28520,5770,3050,3320,1090,900,900,15030,4380,88800,4140,6550,118900,420,411220
2019-02-01,39480,3480,5000,6450,14930,20460,1890,530,1080,750,1820,26530,2150,110200,4580,4620,148080,310,313720
2019-03-01,48140,3040,4760,7110,14910,4520,1640,60,1450,440,270,8390,2010,114510,4920,4840,134670,650,322850
2019-04-01,55380,3270,5080,7860,16210,2420,1770,1220,1030,440,680,7550,2380,88680,4060,4810,107490,410,323180
2019-05-01,57430,3660,4840,7360,15850,2490,1720,80,870,380,440,5980,2030,83150,4880,4430,100470,330,312130
2019-06-01,56570,3380,5200,7410,16000,4030,1600,90,910,560,690,7880,1970,91540,4290,4400,110070,1610,318590
2019-07-01,70870,3760,6060,8940,18760,15970,2020,3120,870,600,1640,24230,2450,116270,3700,4320,150960,2520,410700
2019-08-01,65130,3280,4390,7380,15040,2620,1510,200,1180,450,600,6560,2360,122840,4500,3980,140230,440,357020
2019-09-01,64830,3080,5310,7830,16220,2460,1730,190,1600,460,270,6710,2080,90440,5750,4390,109360,760,345060
2019-10-01,67050,3490,5160,8910,17560,3960,1830,1180,960,470,420,8820,2200,98630,4990,5550,120200,690,382780
2019-11-01,52940,3230,4360,6900,14490,2920,1580,70,970,360,300,6190,1930,109390,4460,4940,126910,330,324850
2019-12-01,54310,2870,4800,7230,14900,3420,1160,270,590,520,460,6420,1710,147890,3150,4700,163880,410,377490
2020-01-01,58030,5600,10930,13480,30010,6750,3170,3110,1160,1020,810,16020,4360,93330,3460,6880,124050,340,428180
2020-02-01,39780,3370,5180,6340,14890,11400,2130,310,1250,640,1860,17600,1700,82370,4510,5260,111440,240,286860
2020-03-01,28230,2200,2700,4630,9520,5570,1050,90,670,280,200,7860,1060,33040,2770,2930,47670,250,187900
2020-04-01,390,150,180,170,500,0,0,0,0,0,0,0,20,370,20,80,480,10,4200
2020-05-01,620,170,160,140,470,0,0,0,0,0,0,0,40,140,10,150,340,0,3560
2020-06-01,870,230,280,270,780,10,0,0,0,0,0,20,30,310,10,430,800,10,5570
2020-07-01,530,110,140,180,420,10,0,0,0,0,0,10,40,200,10,330,590,10,3360
2020-08-01,300,90,90,110,290,10,0,0,0,0,0,10,60,110,0,280,460,0,2320
2020-09-01,280,100,100,140,340,20,0,0,0,0,0,20,90,180,10,310,610,0,2520
2020-10-01,340,160,160,160,480,20,0,0,0,0,0,20,160,290,20,380,860,10,3440
2020-11-01,430,150,120,190,450,20,0,0,0,10,0,30,140,300,10,490,980,10,3850
2020-12-01,780,240,240,210,690,20,0,0,0,10,0,30,190,290,10,160,670,10,4460
2021-01-01,1060,190,300,230,720,30,10,0,0,0,0,40,170,340,20,460,1030,10,5010
2021-02-01,930,230,200,180,600,20,0,0,0,0,0,30,130,280,10,570,1020,20,4440
2021-03-01,810,250,210,240,690,10,0,0,0,20,0,40,150,340,10,350,900,30,4610
2021-04-01,5030,220,210,180,620,30,0,0,0,30,10,80,100,360,20,540,1090,10,9530
2021-05-01,13750,400,500,430,1330,20,10,10,0,30,0,60,220,750,60,870,1950,20,24420
2021-06-01,14620,330,440,400,1160,30,10,10,0,30,0,80,160,900,90,1000,2240,490,26050
2021-07-01,8070,270,380,320,970,40,20,0,0,10,0,80,150,650,80,210,1160,10,16720
2021-08-01,1400,290,370,230,890,20,10,0,0,10,0,40,190,470,20,860,1580,250,6870
2021-09-01,160,230,260,190,680,10,0,0,0,10,0,20,220,540,0,690,1470,80,4270
2021-10-01,370,260,190,140,590,10,0,0,0,10,0,30,210,560,10,850,1640,20,4270
2021-11-01,390,390,330,270,990,30,0,0,0,30,10,70,290,650,10,580,1600,10,5380
2021-12-01,1570,600,500,530,1630,710,220,20,10,160,0,1120,330,1550,50,860,3900,30,11690
2022-01-01,2130,1050,1170,1070,3290,1810,380,100,40,180,20,2540,540,2420,200,770,6470,40,22420
2022-02-01,2860,1180,1460,1190,3830,4730,620,160,210,270,90,6080,660,7830,690,1190,16450,90,36890
2022-03-01,8530,1380,1560,1650,4590,2250,900,90,570,310,60,4180,750,17520,1310,2540,26310,150,61620
2022-04-01,20010,2020,2800,3040,7850,1030,960,320,730,270,40,3340,970,22620,1910,3030,31870,130,101610
2022-05-01,25320,2390,2820,3290,8500,1260,1020,30,690,270,80,3350,1200,23320,1260,3350,32480,190,115880
2022-06-01,28530,2330,2830,3760,8920,1870,1190,100,820,280,230,4490,1110,31670,1810,3950,43030,150,139770
2022-07-01,41470,2740,3990,5110,11840,6840,1100,960,640,350,1380,11260,1570,33600,1650,3910,51990,460,200790
2022-08-01,40930,3120,3370,4940,11430,2560,1360,100,1590,280,360,6250,1470,39480,2760,4800,54750,350,195850
2022-09-01,42580,2740,3230,4900,10870,1620,1600,200,1950,360,320,6050,1630,40300,3790,5770,57530,200,207290
2022-10-01,47850,2660,3360,5580,11600,1310,1430,190,1670,330,330,5260,1520,46110,3480,5170,61540,180,223230
2022-11-01,41910,2880,3280,4960,11120,1950,1530,60,1840,230,310,5910,1450,53730,4050,6050,71200,260,216610
2022-12-01,41450,2750,3290,5030,11080,2660,1330,160,1030,300,260,5750,1440,71700,2700,5020,86610,220,241260
2023-01-01,43390,4400,7000,9700,21100,4140,2390,1640,1230,490,640,10540,3020,35800,2650,7950,59960,160,288710
2023-02-01,33060,3000,4090,5320,12410,13510,1890,260,1670,480,1490,19300,1700,54070,4280,7230,86580,220,228730
2023-03-01,40910,3290,4100,5560,12950,3780,2010,50,2060,510,210,8610,1890,64390,5080,7700,87670,430,242480
2023-04-01,49690,3120,4920,7100,15140,1990,1910,520,1600,430,510,6950,1810,48520,4200,6700,68180,190,251260
2023-05-01,49730,3290,4160,6280,13720,2230,1640,100,1650,360,210,6190,1840,48890,4450,6690,68060,330,245790
2023-06-01,53200,3340,4180,6930,14450,3530,1960,140,1500,480,400,8000,1760,59820,4830,6450,80860,830,271770
2023-07-01,56310,3050,4800,7980,15830,13880,1880,1650,1130,560,1690,20790,2060,75170,3040,6710,107770,3470,332640
2023-08-01,55370,3400,3750,7130,14280,2770,1760,90,1510,360,250,6740,2100,79360,4910,6690,99810,390,298760
2023-09-01,63190,3410,4020,8150,15580,2290,1430,290,1760,390,380,6540,2140,63280,6030,9580,87570,690,319410
2023-10-01,59410,3390,4370,7920,15680,2150,1520,350,1070,400,390,5880,2190,67120,5480,7270,87940,160,316350
2023-11-01,52700,3250,4350,6960,14560,2450,1280,90,1090,360,270,5530,2080,73010,5230,8210,94060,510,289200
2023-12-01,53770,3300,5020,7310,15630,3190,1300,300,690,500,280,6270,1990,97880,3870,7040,117030,270,329520
2024-01-01,55270,4860,9360,12320,26530,5170,2620,2650,1030,770,750,13000,4080,53460,4580,11490,86610,250,363550
2024-02-01,39800,3680,5810,6800,16300,17970,1700,160,1140,710,1340,23020,2150,87100,5620,9090,126980,180,304780
2024-03-01,53970,3780,5180,6960,15930,3060,1430,100,1080,470,230,6360,2290,100230,6180,9100,124170,290,332220
2024-04-01,59670,3570,5890,9570,19030,2630,1610,790,780,500,520,6840,2710,61840,5360,8380,85130,260,322600
2024-05-01,57600,3310,4520,7070,14900,2080,1220,60,730,410,180,4680,2470,59290,5310,7680,79430,670,287780
2024-06-01,55740,3120,4870,8650,16640,2630,1320,260,750,470,470,5910,2600,71510,5480,6330,91830,670,314600
2024-07-01,70590,3420,5620,8930,17970,13680,1640,1950,490,630,1780,20170,2990,90660,4490,6980,125300,560,392150
2024-08-01,63800,3290,4580,7150,15010,2700,1320,200,730,400,620,5970,3080,97960,6140,7010,120160,1010,341350
2024-09-01,65150,2890,4660,9190,16740,2470,1370,810,840,470,440,6400,2780,74830,7400,6460,97860,1640,366250
2024-10-01,68810,3230,4820,9030,17080,2280,1430,160,710,420,240,5240,2750,76910,7270,6840,99010,1860,353850
2024-11-01,54040,3450,5010,7540,15990,2610,1210,60,520,320,320,5040,2570,80390,6940,7580,102520,760,324180
2024-12-01,60460,3160,4830,7630,15620,3520,1180,210,280,460,290,5940,2380,111930,5000,6310,131560,240,362210
2025-01-01,63830,4660,10110,13360,28140,5860,2970,2820,740,860,960,14220,5540,68070,6510,12200,106530,280,439380
2025-02-01,41160,3680,6190,8850,18720,20050,1760,520,710,850,1200,25100,2910,78790,6870,8810,122480,270,323310
2025-03-01,48550,3300,5350,6970,15620,3910,1480,50,760,470,270,6940,2870,82210,7580,8240,107840,500,317170
2025-04-01,64920,3560,5910,9550,19010,2270,1560,1050,650,460,510,6490,3410,66020,6120,7950,89990,400,342600
2025-05-01,63260,3320,5700,9470,18490,2800,1240,60,540,400,320,5350,3660,63570,7230,7990,87790,740,329800
2025-06-01,66170,3340,4610,8870,16820,3130,1190,100,500,580,470,5970,3280,79870,6760,6420,102300,1030,340780
