year_month,state,arrivals
1991-01,NSW,75630
1991-01,QLD,42710
1991-01,TAS,1410
1991-01,ACT,1990
1991-01,NT,1220
1991-01,WA,13790
1991-01,VIC,28840
1991-01,SA,4930
1991-02,NSW,78340
1991-02,QLD,42340
1991-02,TAS,1800
1991-02,ACT,3740
1991-02,NT,1460
1991-02,WA,17410
1991-02,VIC,33830
1991-02,SA,5780
1991-03,NSW,80520
1991-03,QLD,45860
1991-03,TAS,1350
1991-03,ACT,2270
1991-03,NT,710
1991-03,WA,15450
1991-03,VIC,32020
1991-03,SA,6240
1991-04,NSW,68330
1991-04,QLD,42900
1991-04,TAS,710
1991-04,ACT,1800
1991-04,NT,1860
1991-04,WA,17160
1991-04,VIC,25810
1991-04,SA,4950
1991-05,NSW,65380
1991-05,QLD,43100
1991-05,TAS,890
1991-05,ACT,1230
1991-05,NT,2360
1991-05,WA,15280
1991-05,VIC,24750
1991-05,SA,3610
1991-06,NSW,64100
1991-06,QLD,58800
1991-06,TAS,980
1991-06,ACT,1360
1991-06,NT,2060
1991-06,WA,12930
1991-06,VIC,22550
1991-06,SA,2900
1991-07,NSW,86770
1991-07,QLD,61970
1991-07,TAS,890
1991-07,ACT,1960
1991-07,NT,2630
1991-07,WA,12380
1991-07,VIC,30170
1991-07,SA,3920
1991-08,NSW,87560
1991-08,QLD,55210
1991-08,TAS,890
1991-08,ACT,1560
1991-08,NT,2630
1991-08,WA,13260
1991-08,VIC,28220
1991-08,SA,3240
1991-09,NSW,86500
1991-09,QLD,50130
1991-09,TAS,780
1991-09,ACT,2330
1991-09,NT,1760
1991-09,WA,16010
1991-09,VIC,27990
1991-09,SA,3830
1991-10,NSW,90610
1991-10,QLD,56010
1991-10,TAS,920
1991-10,ACT,2310
1991-10,NT,1700
1991-10,WA,15900
1991-10,VIC,32860
1991-10,SA,6420
1991-11,NSW,93940
1991-11,QLD,54920
1991-11,TAS,950
1991-11,ACT,2390
1991-11,NT,1690
1991-11,WA,18140
1991-11,VIC,36350
1991-11,SA,5680
1991-12,NSW,110600
1991-12,QLD,62200
1991-12,TAS,1930
1991-12,ACT,2970
1991-12,NT,2040
1991-12,WA,25600
1991-12,VIC,43180
1991-12,SA,7560
1992-01,NSW,86250
1992-01,QLD,50890
1992-01,TAS,2040
1992-01,ACT,1610
1992-01,NT,700
1992-01,WA,14570
1992-01,VIC,28990
1992-01,SA,4180
1992-02,NSW,105340
1992-02,QLD,54510
1992-02,TAS,1860
1992-02,ACT,1720
1992-02,NT,1430
1992-02,WA,19340
1992-02,VIC,40880
1992-02,SA,5710
1992-03,NSW,101310
1992-03,QLD,49420
1992-03,TAS,1470
1992-03,ACT,1660
1992-03,NT,1310
1992-03,WA,16820
1992-03,VIC,31960
1992-03,SA,5290
1992-04,NSW,93600
1992-04,QLD,49590
1992-04,TAS,1180
1992-04,ACT,1530
1992-04,NT,1460
1992-04,WA,16830
1992-04,VIC,28990
1992-04,SA,4670
1992-05,NSW,74960
1992-05,QLD,53270
1992-05,TAS,950
1992-05,ACT,1340
1992-05,NT,2070
1992-05,WA,11180
1992-05,VIC,23590
1992-05,SA,2720
1992-06,NSW,71860
1992-06,QLD,57170
1992-06,TAS,700
1992-06,ACT,1260
1992-06,NT,1660
1992-06,WA,14370
1992-06,VIC,21900
1992-06,SA,3310
1992-07,NSW,90140
1992-07,QLD,68680
1992-07,TAS,800
1992-07,ACT,1950
1992-07,NT,2330
1992-07,WA,15710
1992-07,VIC,26950
1992-07,SA,4700
1992-08,NSW,88000
1992-08,QLD,58830
1992-08,TAS,710
1992-08,ACT,1240
1992-08,NT,2580
1992-08,WA,14680
1992-08,VIC,22670
1992-08,SA,3110
1992-09,NSW,81490
1992-09,QLD,53420
1992-09,TAS,510
1992-09,ACT,1930
1992-09,NT,2000
1992-09,WA,16890
1992-09,VIC,22850
1992-09,SA,3900
1992-10,NSW,95300
1992-10,QLD,63410
1992-10,TAS,920
1992-10,ACT,1590
1992-10,NT,2420
1992-10,WA,18780
1992-10,VIC,32340
1992-10,SA,4950
1992-11,NSW,113730
1992-11,QLD,66630
1992-11,TAS,1390
1992-11,ACT,1980
1992-11,NT,1250
1992-11,WA,21790
1992-11,VIC,37890
1992-11,SA,6020
1992-12,NSW,130290
1992-12,QLD,78940
1992-12,TAS,3000
1992-12,ACT,2340
1992-12,NT,1830
1992-12,WA,31030
1992-12,VIC,42850
1992-12,SA,8290
1993-01,NSW,107530
1993-01,QLD,67410
1993-01,TAS,1810
1993-01,ACT,1620
1993-01,NT,1320
1993-01,WA,19130
1993-01,VIC,32820
1993-01,SA,4990
1993-02,NSW,111900
1993-02,QLD,57540
1993-02,TAS,2340
1993-02,ACT,2190
1993-02,NT,1340
1993-02,WA,20000
1993-02,VIC,38710
1993-02,SA,5810
1993-03,NSW,115310
1993-03,QLD,66710
1993-03,TAS,2710
1993-03,ACT,2080
1993-03,NT,960
1993-03,WA,20380
1993-03,VIC,37210
1993-03,SA,7220
1993-04,NSW,100640
1993-04,QLD,64560
1993-04,TAS,1040
1993-04,ACT,1490
1993-04,NT,1870
1993-04,WA,19550
1993-04,VIC,29330
1993-04,SA,5050
1993-05,NSW,89410
1993-05,QLD,66460
1993-05,TAS,900
1993-05,ACT,1100
1993-05,NT,2150
1993-05,WA,16710
1993-05,VIC,32820
1993-05,SA,3390
1993-06,NSW,85650
1993-06,QLD,69530
1993-06,TAS,610
1993-06,ACT,1170
1993-06,NT,1730
1993-06,WA,19370
1993-06,VIC,22460
1993-06,SA,3170
1993-07,NSW,112540
1993-07,QLD,71200
1993-07,TAS,910
1993-07,ACT,2590
1993-07,NT,3670
1993-07,WA,18680
1993-07,VIC,29150
1993-07,SA,5070
1993-08,NSW,103620
1993-08,QLD,79080
1993-08,TAS,790
1993-08,ACT,1280
1993-08,NT,3840
1993-08,WA,19780
1993-08,VIC,25440
1993-08,SA,3920
1993-09,NSW,99600
1993-09,QLD,65700
1993-09,TAS,850
1993-09,ACT,2600
1993-09,NT,2950
1993-09,WA,20390
1993-09,VIC,24720
1993-09,SA,5940
1993-10,NSW,125690
1993-10,QLD,73480
1993-10,TAS,1420
1993-10,ACT,2180
1993-10,NT,3200
1993-10,WA,21290
1993-10,VIC,31310
1993-10,SA,5550
1993-11,NSW,116820
1993-11,QLD,82340
1993-11,TAS,1950
1993-11,ACT,2190
1993-11,NT,2660
1993-11,WA,29800
1993-11,VIC,42390
1993-11,SA,7770
1993-12,NSW,142900
1993-12,QLD,93050
1993-12,TAS,3600
1993-12,ACT,3160
1993-12,NT,1940
1993-12,WA,38530
1993-12,VIC,51670
1993-12,SA,9190
1994-01,NSW,114520
1994-01,QLD,65050
1994-01,TAS,2190
1994-01,ACT,1460
1994-01,NT,1640
1994-01,WA,21620
1994-01,VIC,38270
1994-01,SA,5770
1994-02,NSW,134630
1994-02,QLD,82990
1994-02,TAS,2340
1994-02,ACT,2320
1994-02,NT,2270
1994-02,WA,29210
1994-02,VIC,43170
1994-02,SA,7360
1994-03,NSW,138580
1994-03,QLD,78410
1994-03,TAS,1250
1994-03,ACT,1780
1994-03,NT,2510
1994-03,WA,32650
1994-03,VIC,45380
1994-03,SA,6840
1994-04,NSW,118480
1994-04,QLD,68170
1994-04,TAS,1150
1994-04,ACT,2490
1994-04,NT,2740
1994-04,WA,23950
1994-04,VIC,32280
1994-04,SA,5870
1994-05,NSW,91620
1994-05,QLD,69520
1994-05,TAS,1090
1994-05,ACT,1440
1994-05,NT,2470
1994-05,WA,20030
1994-05,VIC,25320
1994-05,SA,3460
1994-06,NSW,97760
1994-06,QLD,75650
1994-06,TAS,740
1994-06,ACT,1700
1994-06,NT,3490
1994-06,WA,21800
1994-06,VIC,26390
1994-06,SA,3400
1994-07,NSW,126810
1994-07,QLD,80290
1994-07,TAS,870
1994-07,ACT,2580
1994-07,NT,6160
1994-07,WA,25690
1994-07,VIC,34140
1994-07,SA,5970
1994-08,NSW,119140
1994-08,QLD,83670
1994-08,TAS,670
1994-08,ACT,1870
1994-08,NT,4630
1994-08,WA,24060
1994-08,VIC,27640
1994-08,SA,3760
1994-09,NSW,109200
1994-09,QLD,81480
1994-09,TAS,760
1994-09,ACT,2090
1994-09,NT,3950
1994-09,WA,23950
1994-09,VIC,27800
1994-09,SA,4730
1994-10,NSW,127760
1994-10,QLD,88050
1994-10,TAS,1160
1994-10,ACT,2150
1994-10,NT,5510
1994-10,WA,29520
1994-10,VIC,40960
1994-10,SA,6480
1994-11,NSW,131050
1994-11,QLD,89540
1994-11,TAS,1970
1994-11,ACT,2110
1994-11,NT,3570
1994-11,WA,32880
1994-11,VIC,41440
1994-11,SA,8430
1994-12,NSW,158500
1994-12,QLD,107820
1994-12,TAS,3800
1994-12,ACT,3020
1994-12,NT,3310
1994-12,WA,43800
1994-12,VIC,55940
1994-12,SA,7840
1995-01,NSW,133300
1995-01,QLD,87520
1995-01,TAS,2620
1995-01,ACT,2800
1995-01,NT,2330
1995-01,WA,27210
1995-01,VIC,41240
1995-01,SA,6750
1995-02,NSW,142740
1995-02,QLD,80650
1995-02,TAS,2260
1995-02,ACT,3380
1995-02,NT,2360
1995-02,WA,28120
1995-02,VIC,52460
1995-02,SA,6550
1995-03,NSW,137900
1995-03,QLD,86180
1995-03,TAS,1860
1995-03,ACT,2160
1995-03,NT,2720
1995-03,WA,30270
1995-03,VIC,43940
1995-03,SA,7640
1995-04,NSW,125210
1995-04,QLD,84590
1995-04,TAS,1880
1995-04,ACT,2440
1995-04,NT,3280
1995-04,WA,27780
1995-04,VIC,41690
1995-04,SA,6610
1995-05,NSW,102460
1995-05,QLD,82140
1995-05,TAS,1010
1995-05,ACT,1530
1995-05,NT,4240
1995-05,WA,21640
1995-05,VIC,27730
1995-05,SA,3260
1995-06,NSW,108050
1995-06,QLD,89720
1995-06,TAS,880
1995-06,ACT,1720
1995-06,NT,3700
1995-06,WA,24790
1995-06,VIC,27780
1995-06,SA,4010
1995-07,NSW,149380
1995-07,QLD,102340
1995-07,TAS,1080
1995-07,ACT,2560
1995-07,NT,5180
1995-07,WA,24480
1995-07,VIC,38500
1995-07,SA,5410
1995-08,NSW,128760
1995-08,QLD,106800
1995-08,TAS,890
1995-08,ACT,1990
1995-08,NT,5090
1995-08,WA,24840
1995-08,VIC,30790
1995-08,SA,5000
1995-09,NSW,118590
1995-09,QLD,81090
1995-09,TAS,1150
1995-09,ACT,2140
1995-09,NT,4050
1995-09,WA,24630
1995-09,VIC,31010
1995-09,SA,5090
1995-10,NSW,143850
1995-10,QLD,91430
1995-10,TAS,1440
1995-10,ACT,2090
1995-10,NT,5440
1995-10,WA,30330
1995-10,VIC,38990
1995-10,SA,6640
1995-11,NSW,145610
1995-11,QLD,97970
1995-11,TAS,2220
1995-11,ACT,2610
1995-11,NT,3920
1995-11,WA,33660
1995-11,VIC,47360
1995-11,SA,8750
1995-12,NSW,176570
1995-12,QLD,120020
1995-12,TAS,4590
1995-12,ACT,3030
1995-12,NT,2860
1995-12,WA,46800
1995-12,VIC,58720
1995-12,SA,8570
1996-01,NSW,141870
1996-01,QLD,92130
1996-01,TAS,1830
1996-01,ACT,2200
1996-01,NT,2850
1996-01,WA,24250
1996-01,VIC,45160
1996-01,SA,6440
1996-02,NSW,171700
1996-02,QLD,108830
1996-02,TAS,2690
1996-02,ACT,3210
1996-02,NT,2470
1996-02,WA,39640
1996-02,VIC,55570
1996-02,SA,7980
1996-03,NSW,161280
1996-03,QLD,105400
1996-03,TAS,2120
1996-03,ACT,2910
1996-03,NT,2660
1996-03,WA,31010
1996-03,VIC,51670
1996-03,SA,7970
1996-04,NSW,149170
1996-04,QLD,95560
1996-04,TAS,1420
1996-04,ACT,2660
1996-04,NT,2440
1996-04,WA,32270
1996-04,VIC,42580
1996-04,SA,6630
1996-05,NSW,108580
1996-05,QLD,84920
1996-05,TAS,880
1996-05,ACT,1730
1996-05,NT,3530
1996-05,WA,22550
1996-05,VIC,33260
1996-05,SA,5500
1996-06,NSW,124570
1996-06,QLD,106150
1996-06,TAS,860
1996-06,ACT,1910
1996-06,NT,4540
1996-06,WA,26720
1996-06,VIC,37570
1996-06,SA,4520
1996-07,NSW,145140
1996-07,QLD,123080
1996-07,TAS,890
1996-07,ACT,2980
1996-07,NT,6090
1996-07,WA,28780
1996-07,VIC,44630
1996-07,SA,6540
1996-08,NSW,138650
1996-08,QLD,114960
1996-08,TAS,890
1996-08,ACT,1820
1996-08,NT,4140
1996-08,WA,28950
1996-08,VIC,34250
1996-08,SA,5240
1996-09,NSW,126370
1996-09,QLD,105140
1996-09,TAS,910
1996-09,ACT,2810
1996-09,NT,4360
1996-09,WA,27540
1996-09,VIC,36340
1996-09,SA,5480
1996-10,NSW,150010
1996-10,QLD,101760
1996-10,TAS,1390
1996-10,ACT,2760
1996-10,NT,5590
1996-10,WA,34460
1996-10,VIC,45360
1996-10,SA,8750
1996-11,NSW,162720
1996-11,QLD,105530
1996-11,TAS,2100
1996-11,ACT,2360
1996-11,NT,4430
1996-11,WA,37270
1996-11,VIC,52770
1996-11,SA,7950
1996-12,NSW,195580
1996-12,QLD,136260
1996-12,TAS,2520
1996-12,ACT,2780
1996-12,NT,3480
1996-12,WA,49430
1996-12,VIC,63930
1996-12,SA,10410
1997-01,NSW,149990
1997-01,QLD,97650
1997-01,TAS,2820
1997-01,ACT,2220
1997-01,NT,2460
1997-01,WA,29630
1997-01,VIC,50180
1997-01,SA,7880
1997-02,NSW,165760
1997-02,QLD,114790
1997-02,TAS,3770
1997-02,ACT,3620
1997-02,NT,5050
1997-02,WA,39350
1997-02,VIC,66070
1997-02,SA,8750
1997-03,NSW,166680
1997-03,QLD,113940
1997-03,TAS,2280
1997-03,ACT,2990
1997-03,NT,3920
1997-03,WA,35670
1997-03,VIC,55990
1997-03,SA,8730
1997-04,NSW,133760
1997-04,QLD,100650
1997-04,TAS,1600
1997-04,ACT,2420
1997-04,NT,2830
1997-04,WA,33000
1997-04,VIC,45230
1997-04,SA,6170
1997-05,NSW,123190
1997-05,QLD,94510
1997-05,TAS,770
1997-05,ACT,1680
1997-05,NT,4390
1997-05,WA,25000
1997-05,VIC,34860
1997-05,SA,4590
1997-06,NSW,125130
1997-06,QLD,104980
1997-06,TAS,870
1997-06,ACT,1620
1997-06,NT,3980
1997-06,WA,28530
1997-06,VIC,38440
1997-06,SA,4270
1997-07,NSW,153290
1997-07,QLD,130500
1997-07,TAS,1740
1997-07,ACT,3020
1997-07,NT,5590
1997-07,WA,30820
1997-07,VIC,64890
1997-07,SA,7000
1997-08,NSW,130430
1997-08,QLD,117370
1997-08,TAS,1230
1997-08,ACT,2830
1997-08,NT,5030
1997-08,WA,26780
1997-08,VIC,38770
1997-08,SA,7470
1997-09,NSW,134300
1997-09,QLD,109140
1997-09,TAS,870
1997-09,ACT,2150
1997-09,NT,5250
1997-09,WA,31640
1997-09,VIC,41430
1997-09,SA,6060
1997-10,NSW,149050
1997-10,QLD,112060
1997-10,TAS,1700
1997-10,ACT,2730
1997-10,NT,5290
1997-10,WA,37810
1997-10,VIC,49080
1997-10,SA,8630
1997-11,NSW,156030
1997-11,QLD,112660
1997-11,TAS,2090
1997-11,ACT,2530
1997-11,NT,5140
1997-11,WA,37840
1997-11,VIC,53540
1997-11,SA,9140
1997-12,NSW,182330
1997-12,QLD,123150
1997-12,TAS,4440
1997-12,ACT,3490
1997-12,NT,3750
1997-12,WA,49370
1997-12,VIC,68380
1997-12,SA,12970
1998-01,NSW,144010
1998-01,QLD,99540
1998-01,TAS,3070
1998-01,ACT,2810
1998-01,NT,3200
1998-01,WA,34480
1998-01,VIC,51310
1998-01,SA,7580
1998-02,NSW,152600
1998-02,QLD,87660
1998-02,TAS,4790
1998-02,ACT,3150
1998-02,NT,3240
1998-02,WA,32550
1998-02,VIC,59930
1998-02,SA,9560
1998-03,NSW,142460
1998-03,QLD,90620
1998-03,TAS,2430
1998-03,ACT,3080
1998-03,NT,2590
1998-03,WA,33270
1998-03,VIC,55750
1998-03,SA,8060
1998-04,NSW,145130
1998-04,QLD,100920
1998-04,TAS,1080
1998-04,ACT,2810
1998-04,NT,2620
1998-04,WA,32150
1998-04,VIC,48300
1998-04,SA,7680
1998-05,NSW,114700
1998-05,QLD,90830
1998-05,TAS,960
1998-05,ACT,1590
1998-05,NT,3520
1998-05,WA,28270
1998-05,VIC,38420
1998-05,SA,4930
1998-06,NSW,117010
1998-06,QLD,108740
1998-06,TAS,1000
1998-06,ACT,2020
1998-06,NT,3630
1998-06,WA,27400
1998-06,VIC,40240
1998-06,SA,3650
1998-07,NSW,152430
1998-07,QLD,117250
1998-07,TAS,550
1998-07,ACT,2360
1998-07,NT,6020
1998-07,WA,31070
1998-07,VIC,56030
1998-07,SA,5430
1998-08,NSW,134250
1998-08,QLD,109970
1998-08,TAS,990
1998-08,ACT,1630
1998-08,NT,5110
1998-08,WA,27450
1998-08,VIC,37190
1998-08,SA,6130
1998-09,NSW,130130
1998-09,QLD,100840
1998-09,TAS,900
1998-09,ACT,2530
1998-09,NT,5580
1998-09,WA,28810
1998-09,VIC,48670
1998-09,SA,5640
1998-10,NSW,142370
1998-10,QLD,103140
1998-10,TAS,1840
1998-10,ACT,1670
1998-10,NT,5610
1998-10,WA,35710
1998-10,VIC,56360
1998-10,SA,6980
1998-11,NSW,150000
1998-11,QLD,101040
1998-11,TAS,1930
1998-11,ACT,2420
1998-11,NT,3780
1998-11,WA,38800
1998-11,VIC,59560
1998-11,SA,9310
1998-12,NSW,185430
1998-12,QLD,122590
1998-12,TAS,3880
1998-12,ACT,3230
1998-12,NT,4380
1998-12,WA,47400
1998-12,VIC,76160
1998-12,SA,13180
1999-01,NSW,143420
1999-01,QLD,99240
1999-01,TAS,2840
1999-01,ACT,2170
1999-01,NT,3400
1999-01,WA,33950
1999-01,VIC,56450
1999-01,SA,8660
1999-02,NSW,168570
1999-02,QLD,101990
1999-02,TAS,2710
1999-02,ACT,2970
1999-02,NT,4010
1999-02,WA,41510
1999-02,VIC,65440
1999-02,SA,10360
1999-03,NSW,164200
1999-03,QLD,104610
1999-03,TAS,2310
1999-03,ACT,3090
1999-03,NT,3510
1999-03,WA,38090
1999-03,VIC,63520
1999-03,SA,8530
1999-04,NSW,143260
1999-04,QLD,95870
1999-04,TAS,1420
1999-04,ACT,2360
1999-04,NT,2810
1999-04,WA,32380
1999-04,VIC,47940
1999-04,SA,7190
1999-05,NSW,118190
1999-05,QLD,96570
1999-05,TAS,1270
1999-05,ACT,1850
1999-05,NT,4260
1999-05,WA,27520
1999-05,VIC,40910
1999-05,SA,6670
1999-06,NSW,118770
1999-06,QLD,110800
1999-06,TAS,850
1999-06,ACT,2400
1999-06,NT,4440
1999-06,WA,28140
1999-06,VIC,43700
1999-06,SA,6750
1999-07,NSW,154400
1999-07,QLD,125830
1999-07,TAS,1060
1999-07,ACT,3530
1999-07,NT,7990
1999-07,WA,33110
1999-07,VIC,53990
1999-07,SA,8550
1999-08,NSW,146360
1999-08,QLD,118290
1999-08,TAS,1020
1999-08,ACT,1850
1999-08,NT,5150
1999-08,WA,33000
1999-08,VIC,42860
1999-08,SA,7090
1999-09,NSW,141040
1999-09,QLD,112130
1999-09,TAS,1300
1999-09,ACT,2950
1999-09,NT,6380
1999-09,WA,36070
1999-09,VIC,45410
1999-09,SA,7780
1999-10,NSW,153580
1999-10,QLD,114680
1999-10,TAS,1260
1999-10,ACT,2700
1999-10,NT,7370
1999-10,WA,40540
1999-10,VIC,64960
1999-10,SA,11860
1999-11,NSW,177560
1999-11,QLD,112260
1999-11,TAS,2180
1999-11,ACT,3040
1999-11,NT,4580
1999-11,WA,45770
1999-11,VIC,60860
1999-11,SA,10380
1999-12,NSW,199780
1999-12,QLD,117590
1999-12,TAS,3330
1999-12,ACT,3450
1999-12,NT,4930
1999-12,WA,44350
1999-12,VIC,71350
1999-12,SA,15770
2000-01,NSW,155900
2000-01,QLD,88620
2000-01,TAS,2880
2000-01,ACT,3240
2000-01,NT,3270
2000-01,WA,36980
2000-01,VIC,60170
2000-01,SA,9740
2000-02,NSW,190020
2000-02,QLD,107660
2000-02,TAS,5620
2000-02,ACT,3280
2000-02,NT,4660
2000-02,WA,41690
2000-02,VIC,70240
2000-02,SA,11400
2000-03,NSW,174210
2000-03,QLD,104280
2000-03,TAS,2400
2000-03,ACT,3160
2000-03,NT,5990
2000-03,WA,38910
2000-03,VIC,70440
2000-03,SA,12370
2000-04,NSW,177090
2000-04,QLD,113620
2000-04,TAS,2110
2000-04,ACT,3530
2000-04,NT,4740
2000-04,WA,35310
2000-04,VIC,57450
2000-04,SA,11710
2000-05,NSW,137840
2000-05,QLD,95140
2000-05,TAS,1020
2000-05,ACT,2400
2000-05,NT,4840
2000-05,WA,27370
2000-05,VIC,44090
2000-05,SA,6550
2000-06,NSW,137230
2000-06,QLD,115840
2000-06,TAS,950
2000-06,ACT,3710
2000-06,NT,6490
2000-06,WA,30360
2000-06,VIC,44130
2000-06,SA,9140
2000-07,NSW,177050
2000-07,QLD,129700
2000-07,TAS,1240
2000-07,ACT,5000
2000-07,NT,8530
2000-07,WA,36640
2000-07,VIC,60560
2000-07,SA,10230
2000-08,NSW,154200
2000-08,QLD,117080
2000-08,TAS,1480
2000-08,ACT,2590
2000-08,NT,5240
2000-08,WA,30580
2000-08,VIC,54180
2000-08,SA,7250
2000-09,NSW,222370
2000-09,QLD,90230
2000-09,TAS,1150
2000-09,ACT,5430
2000-09,NT,3660
2000-09,WA,26930
2000-09,VIC,47200
2000-09,SA,5880
2000-10,NSW,184950
2000-10,QLD,115220
2000-10,TAS,2900
2000-10,ACT,3440
2000-10,NT,5780
2000-10,WA,36480
2000-10,VIC,69020
2000-10,SA,8620
2000-11,NSW,194410
2000-11,QLD,120840
2000-11,TAS,3020
2000-11,ACT,3030
2000-11,NT,4910
2000-11,WA,46240
2000-11,VIC,78130
2000-11,SA,8660
2000-12,NSW,237720
2000-12,QLD,135500
2000-12,TAS,5900
2000-12,ACT,4660
2000-12,NT,4280
2000-12,WA,65620
2000-12,VIC,89380
2000-12,SA,16660
2001-01,NSW,176100
2001-01,QLD,107960
2001-01,TAS,3110
2001-01,ACT,3540
2001-01,NT,4480
2001-01,WA,43130
2001-01,VIC,67650
2001-01,SA,10460
2001-02,NSW,184340
2001-02,QLD,98480
2001-02,TAS,3990
2001-02,ACT,4350
2001-02,NT,4870
2001-02,WA,43180
2001-02,VIC,79620
2001-02,SA,10270
2001-03,NSW,174370
2001-03,QLD,113590
2001-03,TAS,3500
2001-03,ACT,3740
2001-03,NT,5740
2001-03,WA,43670
2001-03,VIC,73280
2001-03,SA,10480
2001-04,NSW,164850
2001-04,QLD,115840
2001-04,TAS,2590
2001-04,ACT,4430
2001-04,NT,5960
2001-04,WA,37140
2001-04,VIC,64350
2001-04,SA,9920
2001-05,NSW,139860
2001-05,QLD,98830
2001-05,TAS,1250
2001-05,ACT,3020
2001-05,NT,5690
2001-05,WA,26230
2001-05,VIC,49100
2001-05,SA,5620
2001-06,NSW,142210
2001-06,QLD,133220
2001-06,TAS,1490
2001-06,ACT,2450
2001-06,NT,5400
2001-06,WA,29530
2001-06,VIC,48880
2001-06,SA,6520
2001-07,NSW,173030
2001-07,QLD,139450
2001-07,TAS,1780
2001-07,ACT,5360
2001-07,NT,8220
2001-07,WA,33050
2001-07,VIC,74260
2001-07,SA,11710
2001-08,NSW,154450
2001-08,QLD,125410
2001-08,TAS,1490
2001-08,ACT,3890
2001-08,NT,6660
2001-08,WA,31960
2001-08,VIC,53730
2001-08,SA,6930
2001-09,NSW,142230
2001-09,QLD,114220
2001-09,TAS,1810
2001-09,ACT,3600
2001-09,NT,7200
2001-09,WA,35580
2001-09,VIC,53640
2001-09,SA,7850
2001-10,NSW,149080
2001-10,QLD,102350
2001-10,TAS,2480
2001-10,ACT,2890
2001-10,NT,7060
2001-10,WA,38230
2001-10,VIC,67080
2001-10,SA,9310
2001-11,NSW,154330
2001-11,QLD,97160
2001-11,TAS,3140
2001-11,ACT,2920
2001-11,NT,4910
2001-11,WA,37840
2001-11,VIC,66640
2001-11,SA,9240
2001-12,NSW,224380
2001-12,QLD,124000
2001-12,TAS,5090
2001-12,ACT,4390
2001-12,NT,4120
2001-12,WA,55710
2001-12,VIC,91620
2001-12,SA,13860
2002-01,NSW,158330
2002-01,QLD,90590
2002-01,TAS,5090
2002-01,ACT,3950
2002-01,NT,4520
2002-01,WA,36020
2002-01,VIC,71520
2002-01,SA,9260
2002-02,NSW,179990
2002-02,QLD,102480
2002-02,TAS,5620
2002-02,ACT,4890
2002-02,NT,4720
2002-02,WA,43230
2002-02,VIC,84480
2002-02,SA,11830
2002-03,NSW,182270
2002-03,QLD,112280
2002-03,TAS,3230
2002-03,ACT,4320
2002-03,NT,5120
2002-03,WA,46040
2002-03,VIC,82000
2002-03,SA,11090
2002-04,NSW,152000
2002-04,QLD,98320
2002-04,TAS,1540
2002-04,ACT,4010
2002-04,NT,4800
2002-04,WA,32980
2002-04,VIC,59230
2002-04,SA,7400
2002-05,NSW,133540
2002-05,QLD,97660
2002-05,TAS,1340
2002-05,ACT,2970
2002-05,NT,4790
2002-05,WA,30000
2002-05,VIC,53780
2002-05,SA,5850
2002-06,NSW,126950
2002-06,QLD,117080
2002-06,TAS,1800
2002-06,ACT,3220
2002-06,NT,5340
2002-06,WA,30660
2002-06,VIC,49000
2002-06,SA,5340
2002-07,NSW,162930
2002-07,QLD,131800
2002-07,TAS,1300
2002-07,ACT,4920
2002-07,NT,6430
2002-07,WA,33600
2002-07,VIC,66780
2002-07,SA,10220
2002-08,NSW,146170
2002-08,QLD,119760
2002-08,TAS,1370
2002-08,ACT,2810
2002-08,NT,6710
2002-08,WA,31970
2002-08,VIC,55000
2002-08,SA,8140
2002-09,NSW,137380
2002-09,QLD,110640
2002-09,TAS,1270
2002-09,ACT,2900
2002-09,NT,6420
2002-09,WA,34740
2002-09,VIC,58250
2002-09,SA,6940
2002-10,NSW,173850
2002-10,QLD,120690
2002-10,TAS,2200
2002-10,ACT,4270
2002-10,NT,5500
2002-10,WA,42900
2002-10,VIC,71010
2002-10,SA,8450
2002-11,NSW,170310
2002-11,QLD,122380
2002-11,TAS,3190
2002-11,ACT,3500
2002-11,NT,5620
2002-11,WA,48100
2002-11,VIC,71640
2002-11,SA,12220
2002-12,NSW,217700
2002-12,QLD,130670
2002-12,TAS,5590
2002-12,ACT,4550
2002-12,NT,3860
2002-12,WA,60280
2002-12,VIC,96260
2002-12,SA,15050
2003-01,NSW,163840
2003-01,QLD,103470
2003-01,TAS,3590
2003-01,ACT,4100
2003-01,NT,3060
2003-01,WA,38610
2003-01,VIC,70800
2003-01,SA,9160
2003-02,NSW,173750
2003-02,QLD,101110
2003-02,TAS,5490
2003-02,ACT,4820
2003-02,NT,3700
2003-02,WA,43520
2003-02,VIC,83700
2003-02,SA,11400
2003-03,NSW,158770
2003-03,QLD,97870
2003-03,TAS,3160
2003-03,ACT,3700
2003-03,NT,3690
2003-03,WA,40680
2003-03,VIC,74060
2003-03,SA,10500
2003-04,NSW,129290
2003-04,QLD,91830
2003-04,TAS,2440
2003-04,ACT,3390
2003-04,NT,2820
2003-04,WA,32710
2003-04,VIC,51400
2003-04,SA,7640
2003-05,NSW,102650
2003-05,QLD,79590
2003-05,TAS,1440
2003-05,ACT,2260
2003-05,NT,4620
2003-05,WA,24990
2003-05,VIC,40130
2003-05,SA,5220
2003-06,NSW,116150
2003-06,QLD,99630
2003-06,TAS,1450
2003-06,ACT,2840
2003-06,NT,4470
2003-06,WA,28450
2003-06,VIC,49120
2003-06,SA,6110
2003-07,NSW,163600
2003-07,QLD,131360
2003-07,TAS,1310
2003-07,ACT,4560
2003-07,NT,5390
2003-07,WA,35980
2003-07,VIC,63160
2003-07,SA,10140
2003-08,NSW,138100
2003-08,QLD,121170
2003-08,TAS,1580
2003-08,ACT,3040
2003-08,NT,5060
2003-08,WA,32510
2003-08,VIC,52890
2003-08,SA,7880
2003-09,NSW,147840
2003-09,QLD,119910
2003-09,TAS,2220
2003-09,ACT,3360
2003-09,NT,5000
2003-09,WA,41130
2003-09,VIC,57630
2003-09,SA,8510
2003-10,NSW,167670
2003-10,QLD,123400
2003-10,TAS,2360
2003-10,ACT,4910
2003-10,NT,4790
2003-10,WA,48570
2003-10,VIC,73630
2003-10,SA,9900
2003-11,NSW,195020
2003-11,QLD,127950
2003-11,TAS,3810
2003-11,ACT,4270
2003-11,NT,3780
2003-11,WA,44670
2003-11,VIC,83350
2003-11,SA,10310
2003-12,NSW,229690
2003-12,QLD,142290
2003-12,TAS,5970
2003-12,ACT,5670
2003-12,NT,3840
2003-12,WA,59430
2003-12,VIC,104110
2003-12,SA,15220
2004-01,NSW,165800
2004-01,QLD,117420
2004-01,TAS,4390
2004-01,ACT,4550
2004-01,NT,3310
2004-01,WA,39680
2004-01,VIC,74140
2004-01,SA,10870
2004-02,NSW,183590
2004-02,QLD,113410
2004-02,TAS,6580
2004-02,ACT,5690
2004-02,NT,3380
2004-02,WA,43010
2004-02,VIC,86430
2004-02,SA,12730
2004-03,NSW,168630
2004-03,QLD,114230
2004-03,TAS,3520
2004-03,ACT,4290
2004-03,NT,3180
2004-03,WA,43070
2004-03,VIC,83340
2004-03,SA,12000
2004-04,NSW,157720
2004-04,QLD,115940
2004-04,TAS,2240
2004-04,ACT,4870
2004-04,NT,3060
2004-04,WA,38390
2004-04,VIC,69800
2004-04,SA,10770
2004-05,NSW,134780
2004-05,QLD,106560
2004-05,TAS,1390
2004-05,ACT,3430
2004-05,NT,4750
2004-05,WA,27610
2004-05,VIC,55640
2004-05,SA,7090
2004-06,NSW,133860
2004-06,QLD,127730
2004-06,TAS,1450
2004-06,ACT,3740
2004-06,NT,5310
2004-06,WA,29430
2004-06,VIC,59830
2004-06,SA,5910
2004-07,NSW,171830
2004-07,QLD,158110
2004-07,TAS,1900
2004-07,ACT,5140
2004-07,NT,6530
2004-07,WA,35550
2004-07,VIC,77410
2004-07,SA,11090
2004-08,NSW,153030
2004-08,QLD,137040
2004-08,TAS,1460
2004-08,ACT,3260
2004-08,NT,6810
2004-08,WA,32460
2004-08,VIC,61030
2004-08,SA,7960
2004-09,NSW,143770
2004-09,QLD,132640
2004-09,TAS,1770
2004-09,ACT,3730
2004-09,NT,6850
2004-09,WA,35660
2004-09,VIC,60610
2004-09,SA,8490
2004-10,NSW,170030
2004-10,QLD,136120
2004-10,TAS,2170
2004-10,ACT,3580
2004-10,NT,5900
2004-10,WA,41830
2004-10,VIC,77520
2004-10,SA,10220
2004-11,NSW,184890
2004-11,QLD,134390
2004-11,TAS,3250
2004-11,ACT,3370
2004-11,NT,4090
2004-11,WA,48850
2004-11,VIC,88740
2004-11,SA,10440
2004-12,NSW,235480
2004-12,QLD,153380
2004-12,TAS,5410
2004-12,ACT,5660
2004-12,NT,3210
2004-12,WA,62440
2004-12,VIC,108300
2004-12,SA,17510
2005-01,NSW,193910
2005-01,QLD,118720
2005-01,TAS,3170
2005-01,ACT,3860
2005-01,NT,3630
2005-01,WA,39560
2005-01,VIC,83440
2005-01,SA,10600
2005-02,NSW,201750
2005-02,QLD,123730
2005-02,TAS,4520
2005-02,ACT,4950
2005-02,NT,2880
2005-02,WA,48760
2005-02,VIC,99010
2005-02,SA,13190
2005-03,NSW,201640
2005-03,QLD,130010
2005-03,TAS,3260
2005-03,ACT,4120
2005-03,NT,3150
2005-03,WA,52030
2005-03,VIC,94600
2005-03,SA,13270
2005-04,NSW,163380
2005-04,QLD,117000
2005-04,TAS,2240
2005-04,ACT,4210
2005-04,NT,3330
2005-04,WA,36660
2005-04,VIC,69920
2005-04,SA,9840
2005-05,NSW,134080
2005-05,QLD,108240
2005-05,TAS,1470
2005-05,ACT,2720
2005-05,NT,5840
2005-05,WA,31850
2005-05,VIC,58870
2005-05,SA,8210
2005-06,NSW,141600
2005-06,QLD,128540
2005-06,TAS,1240
2005-06,ACT,2940
2005-06,NT,4450
2005-06,WA,32700
2005-06,VIC,58530
2005-06,SA,7020
2005-07,NSW,189340
2005-07,QLD,169640
2005-07,TAS,2210
2005-07,ACT,3940
2005-07,NT,6370
2005-07,WA,35660
2005-07,VIC,78380
2005-07,SA,11510
2005-08,NSW,162740
2005-08,QLD,147330
2005-08,TAS,1320
2005-08,ACT,2990
2005-08,NT,6510
2005-08,WA,33420
2005-08,VIC,66630
2005-08,SA,8320
2005-09,NSW,155720
2005-09,QLD,134860
2005-09,TAS,1760
2005-09,ACT,3910
2005-09,NT,5880
2005-09,WA,38770
2005-09,VIC,61210
2005-09,SA,9950
2005-10,NSW,175440
2005-10,QLD,136840
2005-10,TAS,2430
2005-10,ACT,3740
2005-10,NT,5040
2005-10,WA,45460
2005-10,VIC,82660
2005-10,SA,10260
2005-11,NSW,184280
2005-11,QLD,129270
2005-11,TAS,3250
2005-11,ACT,3630
2005-11,NT,4200
2005-11,WA,46470
2005-11,VIC,89110
2005-11,SA,10440
2005-12,NSW,237650
2005-12,QLD,151570
2005-12,TAS,5210
2005-12,ACT,5150
2005-12,NT,4330
2005-12,WA,64430
2005-12,VIC,113550
2005-12,SA,17360
2006-01,NSW,183220
2006-01,QLD,121930
2006-01,TAS,4470
2006-01,ACT,3660
2006-01,NT,3530
2006-01,WA,43620
2006-01,VIC,89970
2006-01,SA,10990
2006-02,NSW,199280
2006-02,QLD,116970
2006-02,TAS,4970
2006-02,ACT,4890
2006-02,NT,2800
2006-02,WA,46290
2006-02,VIC,94720
2006-02,SA,15080
2006-03,NSW,186520
2006-03,QLD,121600
2006-03,TAS,4050
2006-03,ACT,3850
2006-03,NT,3770
2006-03,WA,44130
2006-03,VIC,94890
2006-03,SA,14640
2006-04,NSW,174950
2006-04,QLD,120540
2006-04,TAS,2670
2006-04,ACT,3470
2006-04,NT,4590
2006-04,WA,40270
2006-04,VIC,76970
2006-04,SA,11570
2006-05,NSW,131030
2006-05,QLD,106050
2006-05,TAS,1350
2006-05,ACT,2660
2006-05,NT,5210
2006-05,WA,28130
2006-05,VIC,59980
2006-05,SA,8520
2006-06,NSW,139550
2006-06,QLD,130580
2006-06,TAS,1730
2006-06,ACT,3550
2006-06,NT,4510
2006-06,WA,29850
2006-06,VIC,61530
2006-06,SA,8360
2006-07,NSW,180390
2006-07,QLD,159900
2006-07,TAS,2090
2006-07,ACT,4880
2006-07,NT,7270
2006-07,WA,35510
2006-07,VIC,75910
2006-07,SA,12250
2006-08,NSW,153620
2006-08,QLD,136790
2006-08,TAS,1960
2006-08,ACT,2910
2006-08,NT,7400
2006-08,WA,31820
2006-08,VIC,65270
2006-08,SA,10430
2006-09,NSW,155370
2006-09,QLD,143670
2006-09,TAS,1820
2006-09,ACT,3590
2006-09,NT,5530
2006-09,WA,34090
2006-09,VIC,69370
2006-09,SA,10010
2006-10,NSW,184600
2006-10,QLD,134380
2006-10,TAS,3230
2006-10,ACT,3840
2006-10,NT,5440
2006-10,WA,48050
2006-10,VIC,81860
2006-10,SA,11500
2006-11,NSW,194160
2006-11,QLD,131770
2006-11,TAS,3340
2006-11,ACT,5220
2006-11,NT,4440
2006-11,WA,48530
2006-11,VIC,89920
2006-11,SA,12600
2006-12,NSW,250830
2006-12,QLD,152070
2006-12,TAS,5480
2006-12,ACT,5300
2006-12,NT,3300
2006-12,WA,74350
2006-12,VIC,128030
2006-12,SA,21490
2007-01,NSW,184170
2007-01,QLD,112290
2007-01,TAS,4080
2007-01,ACT,4280
2007-01,NT,3210
2007-01,WA,43150
2007-01,VIC,86480
2007-01,SA,13340
2007-02,NSW,207050
2007-02,QLD,120330
2007-02,TAS,5300
2007-02,ACT,4890
2007-02,NT,3570
2007-02,WA,51400
2007-02,VIC,101570
2007-02,SA,16070
2007-03,NSW,207800
2007-03,QLD,125380
2007-03,TAS,3960
2007-03,ACT,4180
2007-03,NT,3790
2007-03,WA,50500
2007-03,VIC,102970
2007-03,SA,21450
2007-04,NSW,174790
2007-04,QLD,116730
2007-04,TAS,2090
2007-04,ACT,3980
2007-04,NT,4250
2007-04,WA,43550
2007-04,VIC,77330
2007-04,SA,12230
2007-05,NSW,139620
2007-05,QLD,106120
2007-05,TAS,1560
2007-05,ACT,2900
2007-05,NT,6620
2007-05,WA,32990
2007-05,VIC,66720
2007-05,SA,8210
2007-06,NSW,146460
2007-06,QLD,131890
2007-06,TAS,1670
2007-06,ACT,2780
2007-06,NT,4700
2007-06,WA,32460
2007-06,VIC,70080
2007-06,SA,7920
2007-07,NSW,181440
2007-07,QLD,153830
2007-07,TAS,2150
2007-07,ACT,5600
2007-07,NT,8670
2007-07,WA,38730
2007-07,VIC,78660
2007-07,SA,13710
2007-08,NSW,163070
2007-08,QLD,139900
2007-08,TAS,1610
2007-08,ACT,3980
2007-08,NT,7800
2007-08,WA,38250
2007-08,VIC,70250
2007-08,SA,9890
2007-09,NSW,161210
2007-09,QLD,140060
2007-09,TAS,2180
2007-09,ACT,4170
2007-09,NT,6760
2007-09,WA,41810
2007-09,VIC,66300
2007-09,SA,11610
2007-10,NSW,175810
2007-10,QLD,135910
2007-10,TAS,2130
2007-10,ACT,4650
2007-10,NT,6780
2007-10,WA,47830
2007-10,VIC,82560
2007-10,SA,13170
2007-11,NSW,196010
2007-11,QLD,130630
2007-11,TAS,3060
2007-11,ACT,5130
2007-11,NT,5160
2007-11,WA,51610
2007-11,VIC,93610
2007-11,SA,14000
2007-12,NSW,243200
2007-12,QLD,148830
2007-12,TAS,4800
2007-12,ACT,5950
2007-12,NT,5150
2007-12,WA,70380
2007-12,VIC,116900
2007-12,SA,19530
2008-01,NSW,182160
2008-01,QLD,105440
2008-01,TAS,3670
2008-01,ACT,4250
2008-01,NT,3770
2008-01,WA,42640
2008-01,VIC,85100
2008-01,SA,13560
2008-02,NSW,226880
2008-02,QLD,126730
2008-02,TAS,5600
2008-02,ACT,5930
2008-02,NT,3600
2008-02,WA,53600
2008-02,VIC,107130
2008-02,SA,16920
2008-03,NSW,204300
2008-03,QLD,122080
2008-03,TAS,3780
2008-03,ACT,5150
2008-03,NT,4070
2008-03,WA,54880
2008-03,VIC,102600
2008-03,SA,16830
2008-04,NSW,166570
2008-04,QLD,110660
2008-04,TAS,2530
2008-04,ACT,3900
2008-04,NT,4550
2008-04,WA,42240
2008-04,VIC,81270
2008-04,SA,12590
2008-05,NSW,144200
2008-05,QLD,112620
2008-05,TAS,1990
2008-05,ACT,3220
2008-05,NT,6990
2008-05,WA,33020
2008-05,VIC,69490
2008-05,SA,8510
2008-06,NSW,138310
2008-06,QLD,117720
2008-06,TAS,1800
2008-06,ACT,3770
2008-06,NT,10130
2008-06,WA,35090
2008-06,VIC,66120
2008-06,SA,9520
2008-07,NSW,217450
2008-07,QLD,149300
2008-07,TAS,2030
2008-07,ACT,6430
2008-07,NT,11190
2008-07,WA,40220
2008-07,VIC,90180
2008-07,SA,13650
2008-08,NSW,158180
2008-08,QLD,131570
2008-08,TAS,2180
2008-08,ACT,4600
2008-08,NT,7820
2008-08,WA,34770
2008-08,VIC,67240
2008-08,SA,12400
2008-09,NSW,146090
2008-09,QLD,123350
2008-09,TAS,1920
2008-09,ACT,3770
2008-09,NT,7440
2008-09,WA,39330
2008-09,VIC,67740
2008-09,SA,10370
2008-10,NSW,166460
2008-10,QLD,139450
2008-10,TAS,2340
2008-10,ACT,4630
2008-10,NT,5810
2008-10,WA,44770
2008-10,VIC,80090
2008-10,SA,12190
2008-11,NSW,178360
2008-11,QLD,120880
2008-11,TAS,3380
2008-11,ACT,5730
2008-11,NT,6960
2008-11,WA,48730
2008-11,VIC,93140
2008-11,SA,13150
2008-12,NSW,241970
2008-12,QLD,141350
2008-12,TAS,5840
2008-12,ACT,5520
2008-12,NT,5150
2008-12,WA,68970
2008-12,VIC,124840
2008-12,SA,18170
2009-01,NSW,181760
2009-01,QLD,105990
2009-01,TAS,4570
2009-01,ACT,4780
2009-01,NT,3880
2009-01,WA,47110
2009-01,VIC,90440
2009-01,SA,13370
2009-02,NSW,203630
2009-02,QLD,107680
2009-02,TAS,5000
2009-02,ACT,6920
2009-02,NT,4110
2009-02,WA,52590
2009-02,VIC,105170
2009-02,SA,16660
2009-03,NSW,190670
2009-03,QLD,112120
2009-03,TAS,4580
2009-03,ACT,4610
2009-03,NT,3860
2009-03,WA,53130
2009-03,VIC,102640
2009-03,SA,15210
2009-04,NSW,177100
2009-04,QLD,116040
2009-04,TAS,3130
2009-04,ACT,4340
2009-04,NT,5290
2009-04,WA,46780
2009-04,VIC,88290
2009-04,SA,11870
2009-05,NSW,136490
2009-05,QLD,105920
2009-05,TAS,1970
2009-05,ACT,3560
2009-05,NT,7000
2009-05,WA,37780
2009-05,VIC,70830
2009-05,SA,9380
2009-06,NSW,128640
2009-06,QLD,108070
2009-06,TAS,1650
2009-06,ACT,3880
2009-06,NT,6930
2009-06,WA,37710
2009-06,VIC,66130
2009-06,SA,9270
2009-07,NSW,164190
2009-07,QLD,135840
2009-07,TAS,1840
2009-07,ACT,5940
2009-07,NT,12080
2009-07,WA,41910
2009-07,VIC,82930
2009-07,SA,14230
2009-08,NSW,156840
2009-08,QLD,123710
2009-08,TAS,1890
2009-08,ACT,4360
2009-08,NT,7360
2009-08,WA,37590
2009-08,VIC,71940
2009-08,SA,9460
2009-09,NSW,157060
2009-09,QLD,128250
2009-09,TAS,2370
2009-09,ACT,4540
2009-09,NT,7490
2009-09,WA,48360
2009-09,VIC,76720
2009-09,SA,12500
2009-10,NSW,183700
2009-10,QLD,138330
2009-10,TAS,2720
2009-10,ACT,4200
2009-10,NT,6250
2009-10,WA,46880
2009-10,VIC,90440
2009-10,SA,12310
2009-11,NSW,181810
2009-11,QLD,124050
2009-11,TAS,2880
2009-11,ACT,5170
2009-11,NT,5310
2009-11,WA,55210
2009-11,VIC,96670
2009-11,SA,14130
2009-12,NSW,259890
2009-12,QLD,142670
2009-12,TAS,5630
2009-12,ACT,5800
2009-12,NT,4970
2009-12,WA,70670
2009-12,VIC,139620
2009-12,SA,20110
2010-01,NSW,184810
2010-01,QLD,99120
2010-01,TAS,3610
2010-01,ACT,5400
2010-01,NT,3920
2010-01,WA,45680
2010-01,VIC,93510
2010-01,SA,12670
2010-02,NSW,224490
2010-02,QLD,122950
2010-02,TAS,5620
2010-02,ACT,7320
2010-02,NT,4640
2010-02,WA,54970
2010-02,VIC,122730
2010-02,SA,17400
2010-03,NSW,204450
2010-03,QLD,120730
2010-03,TAS,4300
2010-03,ACT,5660
2010-03,NT,4030
2010-03,WA,57020
2010-03,VIC,112440
2010-03,SA,17700
2010-04,NSW,165850
2010-04,QLD,106910
2010-04,TAS,2190
2010-04,ACT,4120
2010-04,NT,5010
2010-04,WA,45310
2010-04,VIC,85570
2010-04,SA,13910
2010-05,NSW,144250
2010-05,QLD,96990
2010-05,TAS,1920
2010-05,ACT,3630
2010-05,NT,5750
2010-05,WA,36720
2010-05,VIC,75900
2010-05,SA,9780
2010-06,NSW,144480
2010-06,QLD,117670
2010-06,TAS,1930
2010-06,ACT,4130
2010-06,NT,5770
2010-06,WA,39580
2010-06,VIC,79790
2010-06,SA,10340
2010-07,NSW,182360
2010-07,QLD,154640
2010-07,TAS,2430
2010-07,ACT,6270
2010-07,NT,8320
2010-07,WA,42390
2010-07,VIC,99920
2010-07,SA,14590
2010-08,NSW,166860
2010-08,QLD,131470
2010-08,TAS,1610
2010-08,ACT,5140
2010-08,NT,8960
2010-08,WA,40130
2010-08,VIC,86850
2010-08,SA,10270
2010-09,NSW,173780
2010-09,QLD,132320
2010-09,TAS,2250
2010-09,ACT,3960
2010-09,NT,6400
2010-09,WA,51750
2010-09,VIC,93410
2010-09,SA,11820
2010-10,NSW,184540
2010-10,QLD,130130
2010-10,TAS,2810
2010-10,ACT,5490
2010-10,NT,5790
2010-10,WA,50220
2010-10,VIC,103230
2010-10,SA,12260
2010-11,NSW,194320
2010-11,QLD,126890
2010-11,TAS,3450
2010-11,ACT,4670
2010-11,NT,4460
2010-11,WA,56440
2010-11,VIC,113810
2010-11,SA,14060
2010-12,NSW,265450
2010-12,QLD,147690
2010-12,TAS,6100
2010-12,ACT,5750
2010-12,NT,4650
2010-12,WA,76360
2010-12,VIC,152220
2010-12,SA,20140
2011-01,NSW,196020
2011-01,QLD,96150
2011-01,TAS,4380
2011-01,ACT,4100
2011-01,NT,3690
2011-01,WA,48600
2011-01,VIC,107630
2011-01,SA,13210
2011-02,NSW,225040
2011-02,QLD,111790
2011-02,TAS,5910
2011-02,ACT,6830
2011-02,NT,4430
2011-02,WA,61160
2011-02,VIC,132050
2011-02,SA,17940
2011-03,NSW,196410
2011-03,QLD,102840
2011-03,TAS,3360
2011-03,ACT,4940
2011-03,NT,5450
2011-03,WA,55360
2011-03,VIC,116170
2011-03,SA,15560
2011-04,NSW,175120
2011-04,QLD,107820
2011-04,TAS,2870
2011-04,ACT,4500
2011-04,NT,5090
2011-04,WA,51890
2011-04,VIC,97950
2011-04,SA,15090
2011-05,NSW,141050
2011-05,QLD,100180
2011-05,TAS,2000
2011-05,ACT,3670
2011-05,NT,6300
2011-05,WA,39160
2011-05,VIC,83580
2011-05,SA,8570
2011-06,NSW,137620
2011-06,QLD,106370
2011-06,TAS,1670
2011-06,ACT,4210
2011-06,NT,5700
2011-06,WA,39800
2011-06,VIC,82930
2011-06,SA,9370
2011-07,NSW,175730
2011-07,QLD,151580
2011-07,TAS,2020
2011-07,ACT,6390
2011-07,NT,11000
2011-07,WA,45430
2011-07,VIC,100140
2011-07,SA,13340
2011-08,NSW,168820
2011-08,QLD,133510
2011-08,TAS,1630
2011-08,ACT,3880
2011-08,NT,7030
2011-08,WA,46720
2011-08,VIC,94720
2011-08,SA,10710
2011-09,NSW,161770
2011-09,QLD,113180
2011-09,TAS,2020
2011-09,ACT,5240
2011-09,NT,5730
2011-09,WA,48250
2011-09,VIC,83270
2011-09,SA,11590
2011-10,NSW,189450
2011-10,QLD,130510
2011-10,TAS,2880
2011-10,ACT,4930
2011-10,NT,5480
2011-10,WA,51200
2011-10,VIC,102540
2011-10,SA,12530
2011-11,NSW,195730
2011-11,QLD,118370
2011-11,TAS,4240
2011-11,ACT,6830
2011-11,NT,5020
2011-11,WA,60330
2011-11,VIC,118920
2011-11,SA,13310
2011-12,NSW,261820
2011-12,QLD,145190
2011-12,TAS,7380
2011-12,ACT,7260
2011-12,NT,3840
2011-12,WA,72770
2011-12,VIC,155980
2011-12,SA,20540
2012-01,NSW,193270
2012-01,QLD,107970
2012-01,TAS,4260
2012-01,ACT,4820
2012-01,NT,4060
2012-01,WA,53640
2012-01,VIC,117370
2012-01,SA,16600
2012-02,NSW,220150
2012-02,QLD,111560
2012-02,TAS,5730
2012-02,ACT,8100
2012-02,NT,5250
2012-02,WA,62100
2012-02,VIC,133920
2012-02,SA,18950
2012-03,NSW,208720
2012-03,QLD,119580
2012-03,TAS,3780
2012-03,ACT,5080
2012-03,NT,5270
2012-03,WA,60270
2012-03,VIC,125040
2012-03,SA,16080
2012-04,NSW,174500
2012-04,QLD,109590
2012-04,TAS,2520
2012-04,ACT,4760
2012-04,NT,5690
2012-04,WA,52470
2012-04,VIC,101560
2012-04,SA,13990
2012-05,NSW,143040
2012-05,QLD,99980
2012-05,TAS,2370
2012-05,ACT,3670
2012-05,NT,6530
2012-05,WA,41660
2012-05,VIC,87470
2012-05,SA,8720
2012-06,NSW,144940
2012-06,QLD,122310
2012-06,TAS,2400
2012-06,ACT,4340
2012-06,NT,7620
2012-06,WA,43730
2012-06,VIC,84970
2012-06,SA,10220
2012-07,NSW,169360
2012-07,QLD,147630
2012-07,TAS,2220
2012-07,ACT,6590
2012-07,NT,11040
2012-07,WA,45810
2012-07,VIC,103120
2012-07,SA,14090
2012-08,NSW,176510
2012-08,QLD,139920
2012-08,TAS,2320
2012-08,ACT,5180
2012-08,NT,9380
2012-08,WA,49540
2012-08,VIC,104180
2012-08,SA,11700
2012-09,NSW,162790
2012-09,QLD,137780
2012-09,TAS,2170
2012-09,ACT,6030
2012-09,NT,7330
2012-09,WA,52880
2012-09,VIC,94080
2012-09,SA,12420
2012-10,NSW,188560
2012-10,QLD,136660
2012-10,TAS,2890
2012-10,ACT,5690
2012-10,NT,7760
2012-10,WA,55440
2012-10,VIC,110700
2012-10,SA,13310
2012-11,NSW,205910
2012-11,QLD,131390
2012-11,TAS,3690
2012-11,ACT,5500
2012-11,NT,7300
2012-11,WA,63340
2012-11,VIC,125790
2012-11,SA,17190
2012-12,NSW,273250
2012-12,QLD,153780
2012-12,TAS,6910
2012-12,ACT,7920
2012-12,NT,5250
2012-12,WA,78660
2012-12,VIC,169900
2012-12,SA,25640
2013-01,NSW,188870
2013-01,QLD,102450
2013-01,TAS,4760
2013-01,ACT,5690
2013-01,NT,4800
2013-01,WA,55130
2013-01,VIC,111750
2013-01,SA,15230
2013-02,NSW,238430
2013-02,QLD,128250
2013-02,TAS,7270
2013-02,ACT,8170
2013-02,NT,4710
2013-02,WA,63900
2013-02,VIC,146410
2013-02,SA,19840
2013-03,NSW,220950
2013-03,QLD,127570
2013-03,TAS,4540
2013-03,ACT,5010
2013-03,NT,6220
2013-03,WA,65890
2013-03,VIC,139930
2013-03,SA,18750
2013-04,NSW,176770
2013-04,QLD,103840
2013-04,TAS,2710
2013-04,ACT,4420
2013-04,NT,9190
2013-04,WA,50830
2013-04,VIC,100110
2013-04,SA,13660
2013-05,NSW,154600
2013-05,QLD,100580
2013-05,TAS,2340
2013-05,ACT,4160
2013-05,NT,6330
2013-05,WA,44580
2013-05,VIC,90680
2013-05,SA,10070
2013-06,NSW,161070
2013-06,QLD,123830
2013-06,TAS,1620
2013-06,ACT,4510
2013-06,NT,7240
2013-06,WA,46090
2013-06,VIC,93300
2013-06,SA,9860
2013-07,NSW,188040
2013-07,QLD,154760
2013-07,TAS,2250
2013-07,ACT,7240
2013-07,NT,7940
2013-07,WA,46770
2013-07,VIC,109520
2013-07,SA,14400
2013-08,NSW,190370
2013-08,QLD,142020
2013-08,TAS,2030
2013-08,ACT,4780
2013-08,NT,10720
2013-08,WA,53620
2013-08,VIC,112650
2013-08,SA,13140
2013-09,NSW,180970
2013-09,QLD,126130
2013-09,TAS,2140
2013-09,ACT,5410
2013-09,NT,7780
2013-09,WA,54410
2013-09,VIC,103720
2013-09,SA,13340
2013-10,NSW,205820
2013-10,QLD,137040
2013-10,TAS,3020
2013-10,ACT,5350
2013-10,NT,6490
2013-10,WA,57510
2013-10,VIC,112370
2013-10,SA,15150
2013-11,NSW,223960
2013-11,QLD,124010
2013-11,TAS,3920
2013-11,ACT,5140
2013-11,NT,4700
2013-11,WA,63200
2013-11,VIC,133040
2013-11,SA,20150
2013-12,NSW,308030
2013-12,QLD,155140
2013-12,TAS,7460
2013-12,ACT,7690
2013-12,NT,4760
2013-12,WA,89800
2013-12,VIC,189170
2013-12,SA,27700
2014-01,NSW,225950
2014-01,QLD,110450
2014-01,TAS,4900
2014-01,ACT,5370
2014-01,NT,4530
2014-01,WA,59800
2014-01,VIC,132120
2014-01,SA,19380
2014-02,NSW,261470
2014-02,QLD,121480
2014-02,TAS,5590
2014-02,ACT,8280
2014-02,NT,4550
2014-02,WA,67450
2014-02,VIC,145940
2014-02,SA,22870
2014-03,NSW,237870
2014-03,QLD,121090
2014-03,TAS,3760
2014-03,ACT,4560
2014-03,NT,5480
2014-03,WA,65920
2014-03,VIC,141520
2014-03,SA,20610
2014-04,NSW,203490
2014-04,QLD,114320
2014-04,TAS,3230
2014-04,ACT,4280
2014-04,NT,10830
2014-04,WA,59140
2014-04,VIC,116160
2014-04,SA,17090
2014-05,NSW,180320
2014-05,QLD,105520
2014-05,TAS,2270
2014-05,ACT,4360
2014-05,NT,6760
2014-05,WA,48140
2014-05,VIC,111450
2014-05,SA,14050
2014-06,NSW,166080
2014-06,QLD,114400
2014-06,TAS,1500
2014-06,ACT,4220
2014-06,NT,8070
2014-06,WA,49330
2014-06,VIC,101000
2014-06,SA,13300
2014-07,NSW,201340
2014-07,QLD,158600
2014-07,TAS,2210
2014-07,ACT,6390
2014-07,NT,12140
2014-07,WA,56760
2014-07,VIC,134700
2014-07,SA,17500
2014-08,NSW,194120
2014-08,QLD,147500
2014-08,TAS,2140
2014-08,ACT,5000
2014-08,NT,10350
2014-08,WA,50660
2014-08,VIC,116810
2014-08,SA,14320
2014-09,NSW,188280
2014-09,QLD,132020
2014-09,TAS,1930
2014-09,ACT,5030
2014-09,NT,8580
2014-09,WA,60000
2014-09,VIC,110730
2014-09,SA,15180
2014-10,NSW,210560
2014-10,QLD,145290
2014-10,TAS,3800
2014-10,ACT,6520
2014-10,NT,8490
2014-10,WA,62420
2014-10,VIC,132110
2014-10,SA,17470
2014-11,NSW,233180
2014-11,QLD,127140
2014-11,TAS,6020
2014-11,ACT,6390
2014-11,NT,7680
2014-11,WA,67350
2014-11,VIC,145420
2014-11,SA,17980
2014-12,NSW,314940
2014-12,QLD,162020
2014-12,TAS,9010
2014-12,ACT,9040
2014-12,NT,4480
2014-12,WA,88740
2014-12,VIC,195610
2014-12,SA,27970
2015-01,NSW,214350
2015-01,QLD,106810
2015-01,TAS,4960
2015-01,ACT,5980
2015-01,NT,3960
2015-01,WA,55370
2015-01,VIC,137520
2015-01,SA,18480
2015-02,NSW,281790
2015-02,QLD,136820
2015-02,TAS,7060
2015-02,ACT,9270
2015-02,NT,5250
2015-02,WA,71600
2015-02,VIC,189010
2015-02,SA,25260
2015-03,NSW,265090
2015-03,QLD,133500
2015-03,TAS,4780
2015-03,ACT,6520
2015-03,NT,5540
2015-03,WA,69950
2015-03,VIC,172420
2015-03,SA,21430
2015-04,NSW,206130
2015-04,QLD,118720
2015-04,TAS,2950
2015-04,ACT,4800
2015-04,NT,11090
2015-04,WA,59800
2015-04,VIC,129150
2015-04,SA,17510
2015-05,NSW,185950
2015-05,QLD,111290
2015-05,TAS,2400
2015-05,ACT,4260
2015-05,NT,5690
2015-05,WA,49060
2015-05,VIC,114570
2015-05,SA,12420
2015-06,NSW,171900
2015-06,QLD,120410
2015-06,TAS,2310
2015-06,ACT,4910
2015-06,NT,13620
2015-06,WA,50790
2015-06,VIC,113940
2015-06,SA,10270
2015-07,NSW,214220
2015-07,QLD,174460
2015-07,TAS,3320
2015-07,ACT,7900
2015-07,NT,12130
2015-07,WA,58880
2015-07,VIC,140420
2015-07,SA,16930
2015-08,NSW,213400
2015-08,QLD,146490
2015-08,TAS,2640
2015-08,ACT,4740
2015-08,NT,8210
2015-08,WA,55360
2015-08,VIC,129560
2015-08,SA,13730
2015-09,NSW,204230
2015-09,QLD,146070
2015-09,TAS,2910
2015-09,ACT,4980
2015-09,NT,6980
2015-09,WA,62750
2015-09,VIC,130300
2015-09,SA,13790
2015-10,NSW,226460
2015-10,QLD,151540
2015-10,TAS,3950
2015-10,ACT,6100
2015-10,NT,6690
2015-10,WA,62470
2015-10,VIC,152620
2015-10,SA,15970
2015-11,NSW,251080
2015-11,QLD,141970
2015-11,TAS,6060
2015-11,ACT,6320
2015-11,NT,5830
2015-11,WA,73050
2015-11,VIC,169380
2015-11,SA,17850
2015-12,NSW,350330
2015-12,QLD,176140
2015-12,TAS,9240
2015-12,ACT,7750
2015-12,NT,4060
2015-12,WA,94760
2015-12,VIC,231930
2015-12,SA,27090
2016-01,NSW,245020
2016-01,QLD,123610
2016-01,TAS,5550
2016-01,ACT,5180
2016-01,NT,3590
2016-01,WA,55790
2016-01,VIC,162400
2016-01,SA,16530
2016-02,NSW,316290
2016-02,QLD,148240
2016-02,TAS,7610
2016-02,ACT,8980
2016-02,NT,4700
2016-02,WA,81070
2016-02,VIC,209120
2016-02,SA,22590
2016-03,NSW,298660
2016-03,QLD,153120
2016-03,TAS,5400
2016-03,ACT,7590
2016-03,NT,5270
2016-03,WA,78120
2016-03,VIC,187650
2016-03,SA,21540
2016-04,NSW,235320
2016-04,QLD,131910
2016-04,TAS,3500
2016-04,ACT,5720
2016-04,NT,8270
2016-04,WA,63200
2016-04,VIC,146960
2016-04,SA,15610
2016-05,NSW,204520
2016-05,QLD,122980
2016-05,TAS,2830
2016-05,ACT,4050
2016-05,NT,5530
2016-05,WA,56600
2016-05,VIC,132470
2016-05,SA,12290
2016-06,NSW,199940
2016-06,QLD,136350
2016-06,TAS,3160
2016-06,ACT,4510
2016-06,NT,6120
2016-06,WA,57630
2016-06,VIC,134940
2016-06,SA,12420
2016-07,NSW,248040
2016-07,QLD,184900
2016-07,TAS,4160
2016-07,ACT,8790
2016-07,NT,13540
2016-07,WA,67730
2016-07,VIC,168990
2016-07,SA,19640
2016-08,NSW,233070
2016-08,QLD,161530
2016-08,TAS,3120
2016-08,ACT,4210
2016-08,NT,9470
2016-08,WA,59170
2016-08,VIC,147170
2016-08,SA,14390
2016-09,NSW,231420
2016-09,QLD,163710
2016-09,TAS,3310
2016-09,ACT,5950
2016-09,NT,8440
2016-09,WA,72190
2016-09,VIC,145180
2016-09,SA,16830
2016-10,NSW,249410
2016-10,QLD,169250
2016-10,TAS,4220
2016-10,ACT,6770
2016-10,NT,7200
2016-10,WA,71470
2016-10,VIC,169770
2016-10,SA,17820
2016-11,NSW,280130
2016-11,QLD,145220
2016-11,TAS,6900
2016-11,ACT,6690
2016-11,NT,5440
2016-11,WA,77780
2016-11,VIC,181350
2016-11,SA,18310
2016-12,NSW,377470
2016-12,QLD,185360
2016-12,TAS,10760
2016-12,ACT,9810
2016-12,NT,5960
2016-12,WA,103400
2016-12,VIC,254120
2016-12,SA,29220
2017-01,NSW,297840
2017-01,QLD,133540
2017-01,TAS,7090
2017-01,ACT,6620
2017-01,NT,4080
2017-01,WA,63790
2017-01,VIC,190760
2017-01,SA,20230
2017-02,NSW,313880
2017-02,QLD,141680
2017-02,TAS,7440
2017-02,ACT,10340
2017-02,NT,6620
2017-02,WA,75650
2017-02,VIC,206910
2017-02,SA,25050
2017-03,NSW,305540
2017-03,QLD,152560
2017-03,TAS,6020
2017-03,ACT,6860
2017-03,NT,5670
2017-03,WA,78240
2017-03,VIC,194860
2017-03,SA,22410
2017-04,NSW,275910
2017-04,QLD,144470
2017-04,TAS,4700
2017-04,ACT,7170
2017-04,NT,8150
2017-04,WA,71030
2017-04,VIC,171090
2017-04,SA,17440
2017-05,NSW,222860
2017-05,QLD,128360
2017-05,TAS,3450
2017-05,ACT,4390
2017-05,NT,7280
2017-05,WA,58990
2017-05,VIC,140710
2017-05,SA,13020
2017-06,NSW,221400
2017-06,QLD,139920
2017-06,TAS,3890
2017-06,ACT,6610
2017-06,NT,9840
2017-06,WA,61400
2017-06,VIC,148840
2017-06,SA,14080
2017-07,NSW,269510
2017-07,QLD,194860
2017-07,TAS,5430
2017-07,ACT,10620
2017-07,NT,10020
2017-07,WA,61460
2017-07,VIC,173800
2017-07,SA,20690
2017-08,NSW,257000
2017-08,QLD,172140
2017-08,TAS,4700
2017-08,ACT,7430
2017-08,NT,8960
2017-08,WA,64730
2017-08,VIC,170040
2017-08,SA,17850
2017-09,NSW,247690
2017-09,QLD,158140
2017-09,TAS,4920
2017-09,ACT,7460
2017-09,NT,8250
2017-09,WA,64720
2017-09,VIC,151830
2017-09,SA,20550
2017-10,NSW,279160
2017-10,QLD,171110
2017-10,TAS,6330
2017-10,ACT,7330
2017-10,NT,8190
2017-10,WA,71830
2017-10,VIC,177210
2017-10,SA,20190
2017-11,NSW,302790
2017-11,QLD,154570
2017-11,TAS,8560
2017-11,ACT,8170
2017-11,NT,6520
2017-11,WA,77960
2017-11,VIC,195260
2017-11,SA,23240
2017-12,NSW,389480
2017-12,QLD,196800
2017-12,TAS,13740
2017-12,ACT,10530
2017-12,NT,4790
2017-12,WA,103960
2017-12,VIC,263240
2017-12,SA,32460
2018-01,NSW,270170
2018-01,QLD,139380
2018-01,TAS,7810
2018-01,ACT,8260
2018-01,NT,4200
2018-01,WA,59810
2018-01,VIC,190960
2018-01,SA,21910
2018-02,NSW,360980
2018-02,QLD,168500
2018-02,TAS,12290
2018-02,ACT,13630
2018-02,NT,4250
2018-02,WA,82050
2018-02,VIC,243500
2018-02,SA,29330
2018-03,NSW,343770
2018-03,QLD,173800
2018-03,TAS,9300
2018-03,ACT,8700
2018-03,NT,5280
2018-03,WA,83580
2018-03,VIC,222700
2018-03,SA,25160
2018-04,NSW,258380
2018-04,QLD,144960
2018-04,TAS,6160
2018-04,ACT,9820
2018-04,NT,6370
2018-04,WA,60040
2018-04,VIC,173780
2018-04,SA,20240
2018-05,NSW,229400
2018-05,QLD,135660
2018-05,TAS,4400
2018-05,ACT,7790
2018-05,NT,5520
2018-05,WA,58350
2018-05,VIC,153190
2018-05,SA,15130
2018-06,NSW,229540
2018-06,QLD,156160
2018-06,TAS,4690
2018-06,ACT,7470
2018-06,NT,6490
2018-06,WA,62410
2018-06,VIC,164970
2018-06,SA,14880
2018-07,NSW,271210
2018-07,QLD,206470
2018-07,TAS,5350
2018-07,ACT,12070
2018-07,NT,8860
2018-07,WA,58770
2018-07,VIC,191350
2018-07,SA,20190
2018-08,NSW,264220
2018-08,QLD,191630
2018-08,TAS,3790
2018-08,ACT,6490
2018-08,NT,8190
2018-08,WA,65920
2018-08,VIC,183120
2018-08,SA,18310
2018-09,NSW,251580
2018-09,QLD,169090
2018-09,TAS,4800
2018-09,ACT,7200
2018-09,NT,7010
2018-09,WA,64560
2018-09,VIC,167310
2018-09,SA,18620
2018-10,NSW,283930
2018-10,QLD,169300
2018-10,TAS,6290
2018-10,ACT,7980
2018-10,NT,5050
2018-10,WA,70660
2018-10,VIC,190240
2018-10,SA,20490
2018-11,NSW,306210
2018-11,QLD,153530
2018-11,TAS,9150
2018-11,ACT,9120
2018-11,NT,5560
2018-11,WA,78830
2018-11,VIC,215210
2018-11,SA,24480
2018-12,NSW,403740
2018-12,QLD,204530
2018-12,TAS,14550
2018-12,ACT,11230
2018-12,NT,5540
2018-12,WA,104110
2018-12,VIC,282610
2018-12,SA,31490
2019-01,NSW,282660
2019-01,QLD,141460
2019-01,TAS,8540
2019-01,ACT,8030
2019-01,NT,3420
2019-01,WA,58910
2019-01,VIC,205580
2019-01,SA,22480
2019-02,NSW,357420
2019-02,QLD,165280
2019-02,TAS,13270
2019-02,ACT,14420
2019-02,NT,5110
2019-02,WA,82460
2019-02,VIC,259060
2019-02,SA,30240
2019-03,NSW,314010
2019-03,QLD,166420
2019-03,TAS,8730
2019-03,ACT,8280
2019-03,NT,4920
2019-03,WA,74810
2019-03,VIC,234430
2019-03,SA,24700
2019-04,NSW,267170
2019-04,QLD,148810
2019-04,TAS,6540
2019-04,ACT,7220
2019-04,NT,7250
2019-04,WA,62860
2019-04,VIC,180000
2019-04,SA,20480
2019-05,NSW,251990
2019-05,QLD,144290
2019-05,TAS,4640
2019-05,ACT,6140
2019-05,NT,6060
2019-05,WA,61100
2019-05,VIC,176510
2019-05,SA,17540
2019-06,NSW,235050
2019-06,QLD,156510
2019-06,TAS,4540
2019-06,ACT,6960
2019-06,NT,7070
2019-06,WA,62950
2019-06,VIC,170790
2019-06,SA,16450
2019-07,NSW,268050
2019-07,QLD,206910
2019-07,TAS,5670
2019-07,ACT,11130
2019-07,NT,9460
2019-07,WA,65260
2019-07,VIC,201930
2019-07,SA,21950
2019-08,NSW,282800
2019-08,QLD,194200
2019-08,TAS,5950
2019-08,ACT,8000
2019-08,NT,8820
2019-08,WA,72990
2019-08,VIC,196970
2019-08,SA,19450
2019-09,NSW,251730
2019-09,QLD,160010
2019-09,TAS,5130
2019-09,ACT,8460
2019-09,NT,8450
2019-09,WA,69390
2019-09,VIC,168980
2019-09,SA,22780
2019-10,NSW,285200
2019-10,QLD,169720
2019-10,TAS,6830
2019-10,ACT,8110
2019-10,NT,7460
2019-10,WA,77630
2019-10,VIC,195580
2019-10,SA,23440
2019-11,NSW,298050
2019-11,QLD,166020
2019-11,TAS,10320
2019-11,ACT,9520
2019-11,NT,4370
2019-11,WA,83910
2019-11,VIC,220340
2019-11,SA,23320
2019-12,NSW,388710
2019-12,QLD,212050
2019-12,TAS,14900
2019-12,ACT,12920
2019-12,NT,4480
2019-12,WA,111800
2019-12,VIC,299560
2019-12,SA,33300
2020-01,NSW,280350
2020-01,QLD,148730
2020-01,TAS,10450
2020-01,ACT,7020
2020-01,NT,4010
2020-01,WA,73320
2020-01,VIC,218240
2020-01,SA,24430
2020-02,NSW,252660
2020-02,QLD,131350
2020-02,TAS,9370
2020-02,ACT,9080
2020-02,NT,4390
2020-02,WA,74980
2020-02,VIC,181500
2020-02,SA,22070
2020-03,NSW,114510
2020-03,QLD,62110
2020-03,TAS,4310
2020-03,ACT,4700
2020-03,NT,1670
2020-03,WA,35490
2020-03,VIC,97620
2020-03,SA,11410
2020-04,NSW,720
2020-04,QLD,640
2020-04,TAS,10
2020-04,ACT,60
2020-04,NT,10
2020-04,WA,250
2020-04,VIC,480
2020-04,SA,70
2020-05,NSW,1420
2020-05,QLD,640
2020-05,TAS,20
2020-05,ACT,60
2020-05,NT,60
2020-05,WA,370
2020-05,VIC,770
2020-05,SA,100
2020-06,NSW,1920
2020-06,QLD,1320
2020-06,TAS,10
2020-06,ACT,120
2020-06,NT,290
2020-06,WA,510
2020-06,VIC,1140
2020-06,SA,90
2020-07,NSW,1570
2020-07,QLD,920
2020-07,TAS,30
2020-07,ACT,80
2020-07,NT,30
2020-07,WA,460
2020-07,VIC,310
2020-07,SA,100
2020-08,NSW,1600
2020-08,QLD,600
2020-08,TAS,10
2020-08,ACT,60
2020-08,NT,30
2020-08,WA,460
2020-08,VIC,220
2020-08,SA,50
2020-09,NSW,1880
2020-09,QLD,730
2020-09,TAS,20
2020-09,ACT,90
2020-09,NT,270
2020-09,WA,300
2020-09,VIC,330
2020-09,SA,100
2020-10,NSW,3440
2020-10,QLD,990
2020-10,TAS,50
2020-10,ACT,80
2020-10,NT,40
2020-10,WA,640
2020-10,VIC,640
2020-10,SA,180
2020-11,NSW,4520
2020-11,QLD,1130
2020-11,TAS,50
2020-11,ACT,110
2020-11,NT,50
2020-11,WA,670
2020-11,VIC,740
2020-11,SA,290
2020-12,NSW,4720
2020-12,QLD,1100
2020-12,TAS,300
2020-12,ACT,140
2020-12,NT,40
2020-12,WA,680
2020-12,VIC,1620
2020-12,SA,220
2021-01,NSW,2910
2021-01,QLD,1500
2021-01,TAS,340
2021-01,ACT,180
2021-01,NT,100
2021-01,WA,650
2021-01,VIC,2040
2021-01,SA,260
2021-02,NSW,2790
2021-02,QLD,1410
2021-02,TAS,80
2021-02,ACT,100
2021-02,NT,50
2021-02,WA,670
2021-02,VIC,920
2021-02,SA,220
2021-03,NSW,4130
2021-03,QLD,1370
2021-03,TAS,120
2021-03,ACT,80
2021-03,NT,360
2021-03,WA,780
2021-03,VIC,1280
2021-03,SA,210
2021-04,NSW,10940
2021-04,QLD,5100
2021-04,TAS,220
2021-04,ACT,170
2021-04,NT,130
2021-04,WA,1360
2021-04,VIC,4030
2021-04,SA,650
2021-05,NSW,16490
2021-05,QLD,9850
2021-05,TAS,360
2021-05,ACT,320
2021-05,NT,240
2021-05,WA,2300
2021-05,VIC,5850
2021-05,SA,780
2021-06,NSW,16880
2021-06,QLD,13030
2021-06,TAS,400
2021-06,ACT,440
2021-06,NT,330
2021-06,WA,2410
2021-06,VIC,2490
2021-06,SA,780
2021-07,NSW,6160
2021-07,QLD,5800
2021-07,TAS,360
2021-07,ACT,200
2021-07,NT,340
2021-07,WA,1950
2021-07,VIC,3280
2021-07,SA,640
2021-08,NSW,1450
2021-08,QLD,1850
2021-08,TAS,180
2021-08,ACT,110
2021-08,NT,390
2021-08,WA,830
2021-08,VIC,1390
2021-08,SA,190
2021-09,NSW,730
2021-09,QLD,1270
2021-09,TAS,130
2021-09,ACT,90
2021-09,NT,700
2021-09,WA,560
2021-09,VIC,720
2021-09,SA,230
2021-10,NSW,980
2021-10,QLD,1390
2021-10,TAS,340
2021-10,ACT,60
2021-10,NT,190
2021-10,WA,660
2021-10,VIC,610
2021-10,SA,170
2021-11,NSW,10210
2021-11,QLD,1320
2021-11,TAS,530
2021-11,ACT,460
2021-11,NT,240
2021-11,WA,1090
2021-11,VIC,6510
2021-11,SA,500
2021-12,NSW,37150
2021-12,QLD,3340
2021-12,TAS,1040
2021-12,ACT,1680
2021-12,NT,340
2021-12,WA,1810
2021-12,VIC,26340
2021-12,SA,1580
2022-01,NSW,26850
2022-01,QLD,5790
2022-01,TAS,720
2022-01,ACT,1480
2022-01,NT,400
2022-01,WA,1130
2022-01,VIC,21740
2022-01,SA,2640
2022-02,NSW,34900
2022-02,QLD,14860
2022-02,TAS,910
2022-02,ACT,2150
2022-02,NT,1000
2022-02,WA,2870
2022-02,VIC,29440
2022-02,SA,4300
2022-03,NSW,62610
2022-03,QLD,30990
2022-03,TAS,1740
2022-03,ACT,2990
2022-03,NT,690
2022-03,WA,16810
2022-03,VIC,47660
2022-03,SA,6720
2022-04,NSW,82280
2022-04,QLD,44920
2022-04,TAS,2330
2022-04,ACT,3340
2022-04,NT,1430
2022-04,WA,27060
2022-04,VIC,65620
2022-04,SA,8470
2022-05,NSW,81990
2022-05,QLD,47610
2022-05,TAS,2050
2022-05,ACT,3140
2022-05,NT,2000
2022-05,WA,24680
2022-05,VIC,61660
2022-05,SA,8330
2022-06,NSW,91340
2022-06,QLD,63610
2022-06,TAS,2800
2022-06,ACT,3690
2022-06,NT,1750
2022-06,WA,29190
2022-06,VIC,74060
2022-06,SA,8850
2022-07,NSW,107570
2022-07,QLD,81880
2022-07,TAS,2660
2022-07,ACT,5600
2022-07,NT,3210
2022-07,WA,32050
2022-07,VIC,81840
2022-07,SA,10840
2022-08,NSW,120860
2022-08,QLD,82700
2022-08,TAS,2730
2022-08,ACT,4460
2022-08,NT,5560
2022-08,WA,34380
2022-08,VIC,87330
2022-08,SA,10390
2022-09,NSW,128980
2022-09,QLD,86910
2022-09,TAS,3030
2022-09,ACT,5430
2022-09,NT,3860
2022-09,WA,41290
2022-09,VIC,90290
2022-09,SA,12020
2022-10,NSW,150840
2022-10,QLD,96970
2022-10,TAS,5220
2022-10,ACT,5300
2022-10,NT,2560
2022-10,WA,44870
2022-10,VIC,110020
2022-10,SA,14680
2022-11,NSW,181040
2022-11,QLD,99100
2022-11,TAS,7510
2022-11,ACT,6910
2022-11,NT,2950
2022-11,WA,57000
2022-11,VIC,133520
2022-11,SA,17140
2022-12,NSW,242050
2022-12,QLD,120560
2022-12,TAS,10150
2022-12,ACT,9080
2022-12,NT,2570
2022-12,WA,70610
2022-12,VIC,170840
2022-12,SA,23110
2023-01,NSW,159130
2023-01,QLD,73690
2023-01,TAS,5920
2023-01,ACT,5400
2023-01,NT,2260
2023-01,WA,40400
2023-01,VIC,109950
2023-01,SA,15650
2023-02,NSW,247020
2023-02,QLD,100040
2023-02,TAS,8180
2023-02,ACT,9480
2023-02,NT,2830
2023-02,WA,57590
2023-02,VIC,154570
2023-02,SA,20920
2023-03,NSW,234000
2023-03,QLD,111920
2023-03,TAS,8260
2023-03,ACT,7440
2023-03,NT,4000
2023-03,WA,65300
2023-03,VIC,159250
2023-03,SA,23070
2023-04,NSW,200230
2023-04,QLD,105730
2023-04,TAS,5150
2023-04,ACT,7480
2023-04,NT,3930
2023-04,WA,59740
2023-04,VIC,144420
2023-04,SA,18180
2023-05,NSW,189420
2023-05,QLD,104520
2023-05,TAS,3740
2023-05,ACT,6620
2023-05,NT,3860
2023-05,WA,49460
2023-05,VIC,138830
2023-05,SA,15840
2023-06,NSW,203410
2023-06,QLD,123700
2023-06,TAS,4770
2023-06,ACT,6980
2023-06,NT,4970
2023-06,WA,50370
2023-06,VIC,132140
2023-06,SA,15700
2023-07,NSW,233530
2023-07,QLD,152860
2023-07,TAS,4150
2023-07,ACT,10780
2023-07,NT,5520
2023-07,WA,46450
2023-07,VIC,153260
2023-07,SA,18490
2023-08,NSW,230460
2023-08,QLD,141410
2023-08,TAS,4140
2023-08,ACT,6640
2023-08,NT,4960
2023-08,WA,54240
2023-08,VIC,146660
2023-08,SA,14860
2023-09,NSW,220760
2023-09,QLD,135030
2023-09,TAS,3790
2023-09,ACT,7790
2023-09,NT,4110
2023-09,WA,57120
2023-09,VIC,139180
2023-09,SA,16690
2023-10,NSW,235230
2023-10,QLD,128570
2023-10,TAS,5730
2023-10,ACT,6720
2023-10,NT,3650
2023-10,WA,56430
2023-10,VIC,154040
2023-10,SA,17550
2023-11,NSW,255670
2023-11,QLD,128830
2023-11,TAS,8200
2023-11,ACT,8120
2023-11,NT,2930
2023-11,WA,67460
2023-11,VIC,172770
2023-11,SA,19770
2023-12,NSW,351760
2023-12,QLD,159270
2023-12,TAS,9990
2023-12,ACT,10430
2023-12,NT,3000
2023-12,WA,80370
2023-12,VIC,236680
2023-12,SA,25240
2024-01,NSW,240650
2024-01,QLD,105180
2024-01,TAS,7020
2024-01,ACT,7500
2024-01,NT,2510
2024-01,WA,50300
2024-01,VIC,169910
2024-01,SA,20680
2024-02,NSW,352320
2024-02,QLD,139620
2024-02,TAS,9990
2024-02,ACT,11620
2024-02,NT,3380
2024-02,WA,78250
2024-02,VIC,238270
2024-02,SA,24390
2024-03,NSW,282310
2024-03,QLD,159500
2024-03,TAS,9210
2024-03,ACT,8390
2024-03,NT,3580
2024-03,WA,76560
2024-03,VIC,199120
2024-03,SA,22290
2024-04,NSW,223790
2024-04,QLD,123210
2024-04,TAS,4780
2024-04,ACT,7430
2024-04,NT,4120
2024-04,WA,60570
2024-04,VIC,150720
2024-04,SA,18400
2024-05,NSW,224370
2024-05,QLD,122910
2024-05,TAS,5060
2024-05,ACT,7230
2024-05,NT,4540
2024-05,WA,65820
2024-05,VIC,155240
2024-05,SA,15590
2024-06,NSW,209940
2024-06,QLD,130370
2024-06,TAS,3720
2024-06,ACT,6260
2024-06,NT,5120
2024-06,WA,62120
2024-06,VIC,154820
2024-06,SA,15350
2024-07,NSW,234450
2024-07,QLD,171360
2024-07,TAS,3900
2024-07,ACT,8810
2024-07,NT,6740
2024-07,WA,56420
2024-07,VIC,161390
2024-07,SA,15820
2024-08,NSW,240840
2024-08,QLD,164980
2024-08,TAS,4550
2024-08,ACT,8610
2024-08,NT,5050
2024-08,WA,63790
2024-08,VIC,153480
2024-08,SA,17490
2024-09,NSW,233670
2024-09,QLD,141630
2024-09,TAS,4230
2024-09,ACT,9370
2024-09,NT,4820
2024-09,WA,67930
2024-09,VIC,151000
2024-09,SA,17950
2024-10,NSW,255470
2024-10,QLD,148340
2024-10,TAS,5640
2024-10,ACT,6650
2024-10,NT,3940
2024-10,WA,74020
2024-10,VIC,166600
2024-10,SA,16700
2024-11,NSW,260180
2024-11,QLD,136530
2024-11,TAS,8910
2024-11,ACT,9110
2024-11,NT,4490
2024-11,WA,77210
2024-11,VIC,177810
2024-11,SA,21030
2024-12,NSW,358290
2024-12,QLD,176290
2024-12,TAS,12400
2024-12,ACT,10240
2024-12,NT,3870
2024-12,WA,97540
2024-12,VIC,258030
2024-12,SA,28540
2025-01,NSW,272580
2025-01,QLD,126180
2025-01,TAS,8960
2025-01,ACT,6740
2025-01,NT,2580
2025-01,WA,67670
2025-01,VIC,204090
2025-01,SA,21200
2025-02,NSW,319280
2025-02,QLD,134150
2025-02,TAS,9670
2025-02,ACT,12090
2025-02,NT,2910
2025-02,WA,74760
2025-02,VIC,209460
2025-02,SA,25380
2025-03,NSW,286400
2025-03,QLD,133990
2025-03,TAS,9540
2025-03,ACT,8050
2025-03,NT,4490
2025-03,WA,81900
2025-03,VIC,212550
2025-03,SA,24250
2025-04,NSW,235560
2025-04,QLD,131390
2025-04,TAS,5310
2025-04,ACT,7300
2025-04,NT,3970
2025-04,WA,68340
2025-04,VIC,169350
2025-04,SA,19860
2025-05,NSW,227360
2025-05,QLD,129320
2025-05,TAS,5320
2025-05,ACT,6120
2025-05,NT,4840
2025-05,WA,67990
2025-05,VIC,151600
2025-05,SA,18610
2025-06,NSW,217640
2025-06,QLD,148830
2025-06,TAS,4990
2025-06,ACT,6950
2025-06,NT,7090
2025-06,WA,70570
2025-06,VIC,152730
2025-06,SA,15680
